,Entity,Year,tariff,remittance,ODA
0,Afghanistan,2005,36.18701,,2858000000.0
1,Afghanistan,2010,44.7417,,6285000000.0
2,Afghanistan,2015,54.0446,,4396000000.0
3,Afghanistan,2016,51.39284,,4162000000.0
4,Afghanistan,2017,61.96485,9.88,3871000000.0
5,Afghanistan,2018,62.7195,9.23,3794000000.0
6,Afghanistan,2019,62.49523000000001,9.72,4156000000.0
7,Albania,2005,57.614309999999996,,478000000.0
8,Albania,2010,61.910990000000005,,969000000.0
9,Albania,2015,62.41879,7.9,661000000.0
10,Albania,2016,46.805009999999996,,150000000.0
11,Albania,2017,60.390919999999994,8.38,461000000.0
12,Albania,2018,61.2524,8.4,756000000.0
13,Albania,2019,59.46634,9.16,327000000.0
14,Algeria,2005,63.81579,,-1390000000.0
15,Algeria,2010,50.58352,,1301000000.0
16,Algeria,2015,65.10034,11.89,2774000000.0
17,Algeria,2016,45.67742,,2380000000.0
18,Algeria,2017,64.14357,8.26,2185000000.0
19,Algeria,2018,65.06725,10.86,1275000000.0
20,Algeria,2019,54.620419999999996,10.75,-21000000.0
21,American Samoa,2005,22.22222,,
22,American Samoa,2010,8.955219999999999,,
23,American Samoa,2015,11.9171,,
24,American Samoa,2016,22.44898,,
25,American Samoa,2017,26.4993,,
26,American Samoa,2018,26.74095,,
27,American Samoa,2019,31.047620000000002,,
28,Andorra,2005,59.47368,,
29,Andorra,2010,54.64216999999999,,
30,Andorra,2015,68.02660999999999,,
31,Andorra,2016,32.6707,,
32,Andorra,2017,58.060680000000005,,
33,Andorra,2018,59.08005,,
34,Andorra,2019,67.31766,,
35,Angola,2005,55.261269999999996,,1668000000.0
36,Angola,2010,61.623830000000005,,910000000.0
37,Angola,2015,65.2043,16.59,-1392000000.0
38,Angola,2016,42.81467,,4614000000.0
39,Angola,2017,45.98005,18.7,476000000.0
40,Angola,2018,46.30015,19.37,-655000000.0
41,Angola,2019,47.2562,19.52,83000000.0
42,Anguilla,2005,39.080459999999995,,120000000.0
43,Anguilla,2010,20.68311,,251000000.0
44,Anguilla,2015,53.5865,,
45,Anguilla,2016,50.0,,
46,Anguilla,2017,49.18415,,
47,Anguilla,2018,48.12207,,
48,Anguilla,2019,53.347730000000006,,
49,Antigua and Barbuda,2005,59.7541,,-122000000.0
50,Antigua and Barbuda,2010,33.57966,,50000000.0
51,Antigua and Barbuda,2015,72.88731999999999,,90000000.0
52,Antigua and Barbuda,2016,80.29772,,-5000000.0
53,Antigua and Barbuda,2017,68.23529,,37000000.0
54,Antigua and Barbuda,2018,70.10924,,20000000.0
55,Antigua and Barbuda,2019,68.10345,,26000000.0
56,Argentina,2005,54.65586,,-4983000000.0
57,Argentina,2010,60.17661,,-2777000000.0
58,Argentina,2015,67.19485,,8723000000.0
59,Argentina,2016,67.85757,,1580000000.0
60,Argentina,2017,64.59782,,8752000000.0
61,Argentina,2018,69.82784000000001,,9573000000.0
62,Argentina,2019,67.51131,,3481000000.0
63,Armenia,2005,70.31873,,216000000.0
64,Armenia,2010,74.6349,,539000000.0
65,Armenia,2015,74.38948,1.48,515000000.0
66,Armenia,2016,71.19565,,703000000.0
67,Armenia,2017,75.83393000000001,3.97,503000000.0
68,Armenia,2018,76.09008,5.66,386000000.0
69,Armenia,2019,78.88889,5.02,750000000.0
70,Aruba,2005,30.007920000000002,,
71,Aruba,2010,20.87507,,
72,Aruba,2015,54.148469999999996,,
73,Aruba,2016,24.94831,,
74,Aruba,2017,32.622479999999996,,
75,Aruba,2018,32.68012,,
76,Aruba,2019,30.152140000000003,,
77,Australia,2005,39.78159,,
78,Australia,2010,40.79489,,
79,Australia,2015,46.98474,,
80,Australia,2016,46.58184,,
81,Australia,2017,50.9763,,
82,Australia,2018,51.85062,,
83,Australia,2019,54.154669999999996,,
84,Australia and New Zealand,2005,39.91333,,
85,Australia and New Zealand,2010,41.042590000000004,,
86,Australia and New Zealand,2015,47.604890000000005,,
87,Australia and New Zealand,2016,45.55268,,
88,Australia and New Zealand,2017,49.73568,,
89,Australia and New Zealand,2018,50.37465,,
90,Australia and New Zealand,2019,53.7564,,
91,Austria,2005,43.941,,
92,Austria,2010,51.7771,,
93,Austria,2015,58.4763,,
94,Austria,2017,62.63685,,
95,Austria,2018,63.342909999999996,,
96,Austria,2019,62.694669999999995,,
97,Azerbaijan,2005,79.85185,,1519000000.0
98,Azerbaijan,2010,82.34365,,1135000000.0
99,Azerbaijan,2015,70.90193000000001,1.13,1308000000.0
100,Azerbaijan,2016,76.35279,,1598000000.0
101,Azerbaijan,2017,70.0874,1.04,2008000000.0
102,Azerbaijan,2018,70.3819,1.32,783000000.0
103,Azerbaijan,2019,68.36094,1.0,945000000.0
104,Bahamas,2005,54.180330000000005,,
105,Bahamas,2010,50.08052,,
106,Bahamas,2015,63.360659999999996,,
107,Bahamas,2016,50.167970000000004,,
108,Bahamas,2017,57.45856,,
109,Bahamas,2018,58.60689,,
110,Bahamas,2019,66.37239,,
111,Bahrain,2005,70.02041,,
112,Bahrain,2010,69.47954,,
113,Bahrain,2015,64.76132,,
114,Bahrain,2016,73.98754,,
115,Bahrain,2017,66.78577,,
116,Bahrain,2018,67.69884,,
117,Bahrain,2019,67.08006,,
118,Bangladesh,2005,44.66881,,1625000000.0
119,Bangladesh,2010,40.63694,,1360000000.0
120,Bangladesh,2015,39.95349,4.16,3111000000.0
121,Bangladesh,2016,37.453920000000004,,3574000000.0
122,Bangladesh,2017,45.13475,4.42,6345000000.0
123,Bangladesh,2018,46.73303,4.93,4013000000.0
124,Bangladesh,2019,44.58471,4.12,5922000000.0
125,Barbados,2005,82.27941,,447000000.0
126,Barbados,2010,65.09567,,2312000000.0
127,Barbados,2015,78.71932,,
128,Barbados,2016,85.85825,,
129,Barbados,2017,81.58795,,
130,Barbados,2018,82.65975999999999,,
131,Barbados,2019,83.47193,,
132,Belarus,2005,69.20443,,141000000.0
133,Belarus,2010,61.41992,,787000000.0
134,Belarus,2015,66.68939,1.36,484000000.0
135,Belarus,2016,81.08851,,-432000000.0
136,Belarus,2017,73.61462,1.34,337000000.0
137,Belarus,2018,73.95969000000001,1.55,844000000.0
138,Belarus,2019,75.3316,1.75,519000000.0
139,Belgium,2005,37.21496,,
140,Belgium,2010,42.64222,,
141,Belgium,2015,47.961220000000004,,
142,Belgium,2017,52.40109,,
143,Belgium,2018,53.37271,,
144,Belgium,2019,52.8484,,
145,Belize,2005,50.75485,,23000000.0
146,Belize,2010,52.690430000000006,,21000000.0
147,Belize,2015,58.73894,,28000000.0
148,Belize,2016,63.56061,,56000000.0
149,Belize,2017,63.20639,,18000000.0
150,Belize,2018,64.69849,,57000000.0
151,Belize,2019,67.18529000000001,,61000000.0
152,Benin,2005,42.81496,,380000000.0
153,Benin,2010,39.038790000000006,,689000000.0
154,Benin,2015,75.4386,,393000000.0
155,Benin,2016,78.45172,,495000000.0
156,Benin,2017,79.95212,18.3,753000000.0
157,Benin,2018,80.96677,12.28,1261000000.0
158,Benin,2019,82.04706999999999,9.56,350000000.0
159,Bermuda,2005,52.928419999999996,,
160,Bermuda,2010,58.11765,,
161,Bermuda,2015,51.25285,,
162,Bermuda,2016,52.76243,,
163,Bermuda,2017,40.02789,,
164,Bermuda,2018,51.253479999999996,,
165,Bermuda,2019,49.339209999999994,,
166,Bhutan,2005,35.27697,,85000000.0
167,Bhutan,2010,57.35849,,140000000.0
168,Bhutan,2015,79.94185999999999,,110000000.0
169,Bhutan,2016,80.06873,,60000000.0
170,Bhutan,2017,76.75545,,121000000.0
171,Bhutan,2018,77.18446999999999,,95000000.0
172,Bhutan,2019,84.84848000000001,,185000000.0
173,Bolivia,2005,68.15429,,562000000.0
174,Bolivia,2010,76.18121,,606000000.0
175,Bolivia,2015,73.03544000000001,7.11,1700000000.0
176,Bolivia,2016,66.77852,,398000000.0
177,Bolivia,2017,75.88156,4.1,1984000000.0
178,Bolivia,2018,76.34912,5.92,1013000000.0
179,Bolivia,2019,70.31443,5.41,1109000000.0
180,Bonaire Sint Eustatius and Saba,2005,23.24493,,
181,Bonaire Sint Eustatius and Saba,2010,21.762729999999998,,
182,Bonaire Sint Eustatius and Saba,2015,22.84177,,
183,Bonaire Sint Eustatius and Saba,2016,21.47505,,
184,Bonaire Sint Eustatius and Saba,2017,5.55556,,
185,Bonaire Sint Eustatius and Saba,2018,5.55556,,
186,Bonaire Sint Eustatius and Saba,2019,0.0,,
187,Bosnia and Herzegovina,2005,80.36610999999999,,731000000.0
188,Bosnia and Herzegovina,2010,77.00822,,936000000.0
189,Bosnia and Herzegovina,2015,72.14442,7.28,946000000.0
190,Bosnia and Herzegovina,2016,62.6327,,656000000.0
191,Bosnia and Herzegovina,2017,71.74150999999999,6.5,1008000000.0
192,Bosnia and Herzegovina,2018,71.94006,6.9,1014000000.0
193,Bosnia and Herzegovina,2019,68.96074,7.44,702000000.0
194,Botswana,2005,56.69291,,82000000.0
195,Botswana,2010,42.53968,,231000000.0
196,Botswana,2015,95.46788000000001,19.71,-73000000.0
197,Botswana,2016,94.69548,,-7000000.0
198,Botswana,2017,95.35928,19.15,1000000.0
199,Botswana,2018,95.65326,18.17,-84000000.0
200,Botswana,2019,90.02625,18.43,-75000000.0
201,Brazil,2005,45.07127,,21630000000.0
202,Brazil,2010,48.44661,,39776000000.0
203,Brazil,2015,56.354240000000004,7.01,40889000000.0
204,Brazil,2016,57.266740000000006,,21765000000.0
205,Brazil,2017,54.908840000000005,6.33,14837000000.0
206,Brazil,2018,58.11095,7.06,11642000000.0
207,Brazil,2019,54.96167,7.63,10184000000.0
208,British Indian Ocean Territory,2005,26.315790000000003,,
209,British Indian Ocean Territory,2010,41.44144,,
210,British Indian Ocean Territory,2015,72.83951,,
211,British Indian Ocean Territory,2016,57.309940000000005,,
212,British Indian Ocean Territory,2017,42.583729999999996,,
213,British Indian Ocean Territory,2018,45.19231,,
214,British Indian Ocean Territory,2019,35.78947,,
215,British Virgin Islands,2005,45.563140000000004,,
216,British Virgin Islands,2010,37.89747,,
217,British Virgin Islands,2015,38.55989,,
218,British Virgin Islands,2016,37.17443,,
219,British Virgin Islands,2017,38.30455,,
220,British Virgin Islands,2018,43.65013,,
221,British Virgin Islands,2019,32.98722,,
222,Brunei,2005,58.49351,,
223,Brunei,2010,77.12834000000001,,
224,Brunei,2015,77.29673000000001,,
225,Brunei,2016,77.70163000000001,,
226,Brunei,2017,73.0473,,
227,Brunei,2018,73.65562,,
228,Brunei,2019,71.15903,,
229,Bulgaria,2005,56.91842,,
230,Bulgaria,2010,56.0183,,
231,Bulgaria,2015,63.02308000000001,9.16,
232,Bulgaria,2017,67.53702,8.18,
233,Bulgaria,2018,67.8672,8.59,
234,Bulgaria,2019,66.58972,8.24,
235,Burkina Faso,2005,60.49383,,726000000.0
236,Burkina Faso,2010,51.49798,,1073000000.0
237,Burkina Faso,2015,85.27081,,1018000000.0
238,Burkina Faso,2016,84.76821,,1406000000.0
239,Burkina Faso,2017,89.79975,,927000000.0
240,Burkina Faso,2018,89.75487,,1277000000.0
241,Burkina Faso,2019,87.14431,,1178000000.0
242,Burundi,2005,43.64035,,373000000.0
243,Burundi,2010,70.6499,,691000000.0
244,Burundi,2015,65.45455,,260000000.0
245,Burundi,2016,83.82353,,734000000.0
246,Burundi,2017,84.10959,,553000000.0
247,Burundi,2018,84.28962,,418000000.0
248,Burundi,2019,77.72109,,667000000.0
249,Cambodia,2005,54.56234,,470000000.0
250,Cambodia,2010,55.54124,,932000000.0
251,Cambodia,2015,54.1954,,1144000000.0
252,Cambodia,2016,49.51827,,1120000000.0
253,Cambodia,2017,52.97149,15.06,1353000000.0
254,Cambodia,2018,54.48799,14.47,1215000000.0
255,Cambodia,2019,54.74224,12.4,1697000000.0
256,Cameroon,2005,73.9971,,243000000.0
257,Cameroon,2010,68.8125,,235000000.0
258,Cameroon,2015,67.59625,,1332000000.0
259,Cameroon,2016,59.449619999999996,,371000000.0
260,Cameroon,2017,69.14265999999999,4.4,1706000000.0
261,Cameroon,2018,69.70066,4.18,2142000000.0
262,Cameroon,2019,60.91349,4.45,1576000000.0
263,Canada,2005,38.80596,,
264,Canada,2010,41.94643,,
265,Canada,2015,45.32976,,
266,Canada,2016,46.04612,,
267,Canada,2017,46.211040000000004,,
268,Canada,2018,50.25281,,
269,Canada,2019,50.614779999999996,,
270,Cape Verde,2005,83.95062,,261000000.0
271,Cape Verde,2010,73.12775,,261000000.0
272,Cape Verde,2015,76.47059,10.69,222000000.0
273,Cape Verde,2016,61.179359999999996,,110000000.0
274,Cape Verde,2017,84.15301,10.15,161000000.0
275,Cape Verde,2018,85.01361999999999,9.43,183000000.0
276,Cape Verde,2019,79.91747,8.43,183000000.0
277,Caribbean,2005,51.531929999999996,,
278,Caribbean,2010,49.400490000000005,,
279,Caribbean,2015,56.05198000000001,,
280,Caribbean,2016,59.41231,,
281,Caribbean,2017,64.50498,,
282,Caribbean,2018,65.25408,,
283,Caribbean,2019,64.9442,,
284,Cayman Islands,2005,50.54466,,
285,Cayman Islands,2010,40.582190000000004,,
286,Cayman Islands,2015,57.88618,,
287,Cayman Islands,2016,51.30435,,
288,Cayman Islands,2017,52.18391,,
289,Cayman Islands,2018,52.860409999999995,,
290,Cayman Islands,2019,46.672740000000005,,
291,Central African Republic,2005,44.95114,,90000000.0
292,Central African Republic,2010,49.78903,,229000000.0
293,Central African Republic,2015,72.35772,,466000000.0
294,Central African Republic,2016,48.80952,,474000000.0
295,Central African Republic,2017,64.0367,,519000000.0
296,Central African Republic,2018,64.39114000000001,,657000000.0
297,Central African Republic,2019,63.051469999999995,,607000000.0
298,Central America,2005,55.58565,,
299,Central America,2010,57.479369999999996,,
300,Central America,2015,58.58634,,
301,Central America,2016,57.5982,,
302,Central America,2017,59.93391999999999,,
303,Central America,2018,59.22999,,
304,Central America,2019,62.063680000000005,,
305,Central Asia,2005,70.20746,,
306,Central Asia,2010,73.97999,,
307,Central Asia,2015,72.98048,,
308,Central Asia,2016,76.16568000000001,,
309,Central Asia,2017,75.40621999999999,,
310,Central Asia,2018,75.64907,,
311,Central Asia,2019,78.49959,,
312,Central and Southern Asia,2005,32.026559999999996,,
313,Central and Southern Asia,2010,34.98624,,
314,Central and Southern Asia,2015,36.91819,5.4,
315,Central and Southern Asia,2016,36.76869,,
316,Central and Southern Asia,2017,39.302459999999996,5.32,
317,Central and Southern Asia,2018,40.50905,5.35,
318,Central and Southern Asia,2019,41.326409999999996,4.99,
319,Chad,2005,58.62069,,390000000.0
320,Chad,2010,62.2871,,502000000.0
321,Chad,2015,66.98795,,614000000.0
322,Chad,2016,57.43707,,592000000.0
323,Chad,2017,66.81886999999999,,911000000.0
324,Chad,2018,67.84074,,872000000.0
325,Chad,2019,59.83871,,656000000.0
326,Chile,2005,66.43327,,4431000000.0
327,Chile,2010,73.79072,,6131000000.0
328,Chile,2015,79.36299,,3568000000.0
329,Chile,2016,76.81245,,783000000.0
330,Chile,2017,78.94888,,-9268000000.0
331,Chile,2018,76.67819,,
332,Chile,2019,75.89142,,
333,China,2005,28.280490000000004,,23346000000.0
334,China,2010,30.36538,,50169000000.0
335,China,2015,34.59715,10.18,18063000000.0
336,China,2016,34.89439,,41494000000.0
337,China,2017,36.71216,10.0,39004000000.0
338,China,2018,37.66345,7.99,31230000000.0
339,China,2019,38.34448,9.04,42379000000.0
340,"China, Hong Kong Special Administrative Region",2005,26.67343,,
341,"China, Hong Kong Special Administrative Region",2010,27.141070000000003,,
342,"China, Hong Kong Special Administrative Region",2015,33.460840000000005,,
343,"China, Hong Kong Special Administrative Region",2016,34.77841,,
344,"China, Hong Kong Special Administrative Region",2017,33.66283,,
345,"China, Hong Kong Special Administrative Region",2018,35.14478,,
346,"China, Hong Kong Special Administrative Region",2019,35.83737,,
347,Christmas Island,2005,44.654090000000004,,
348,Christmas Island,2010,64.36782,,
349,Christmas Island,2015,54.01786,,
350,Christmas Island,2016,53.65854,,
351,Christmas Island,2017,39.94413,,
352,Christmas Island,2018,43.76812,,
353,Christmas Island,2019,54.151619999999994,,
354,Cocos Islands,2005,38.4,,
355,Cocos Islands,2010,43.85027,,
356,Cocos Islands,2015,55.31915,,
357,Cocos Islands,2016,56.89655,,
358,Cocos Islands,2017,48.708490000000005,,
359,Cocos Islands,2018,50.0,,
360,Cocos Islands,2019,50.171820000000004,,
361,Colombia,2005,65.81466999999999,,1011000000.0
362,Colombia,2010,67.17656,,2950000000.0
363,Colombia,2015,74.32557,6.18,5594000000.0
364,Colombia,2016,68.27457,,1060000000.0
365,Colombia,2017,72.06985,5.36,3243000000.0
366,Colombia,2018,74.66289,5.0,7506000000.0
367,Colombia,2019,67.98711,5.56,3606000000.0
368,Comoros,2005,56.684490000000004,,41000000.0
369,Comoros,2010,46.7033,,73000000.0
370,Comoros,2015,64.57399000000001,,54000000.0
371,Comoros,2016,58.26087,,30000000.0
372,Comoros,2017,60.330580000000005,4.79,69000000.0
373,Comoros,2018,61.04971999999999,4.79,87000000.0
374,Comoros,2019,75.31915,4.73,73000000.0
375,Congo,2005,64.49123,,1301000000.0
376,Congo,2010,56.38142,,561000000.0
377,Congo,2015,58.10553,6.05,2456000000.0
378,Congo,2016,41.70404,,3249000000.0
379,Congo,2017,52.67531999999999,8.67,904000000.0
380,Congo,2018,56.923080000000006,8.19,434000000.0
381,Congo,2019,52.47813000000001,8.74,-443000000.0
382,Cook Islands,2005,64.86486,,-23000000.0
383,Cook Islands,2010,58.608059999999995,,23000000.0
384,Cook Islands,2015,65.12346,,23000000.0
385,Cook Islands,2016,65.10638,,15000000.0
386,Cook Islands,2017,69.23076999999999,,21000000.0
387,Cook Islands,2018,69.44444,,17000000.0
388,Cook Islands,2019,66.43599,,31000000.0
389,Costa Rica,2005,62.62299,,657000000.0
390,Costa Rica,2010,62.60631,,304000000.0
391,Costa Rica,2015,66.46788000000001,,790000000.0
392,Costa Rica,2016,69.47112,,689000000.0
393,Costa Rica,2017,74.16259000000001,5.71,764000000.0
394,Costa Rica,2018,75.56276,6.61,780000000.0
395,Costa Rica,2019,72.53403,6.74,673000000.0
396,Cote d'Ivoire,2005,43.46282,,191000000.0
397,Cote d'Ivoire,2010,42.42311,,697000000.0
398,Cote d'Ivoire,2015,63.150980000000004,6.05,1815000000.0
399,Cote d'Ivoire,2016,63.747069999999994,,823000000.0
400,Cote d'Ivoire,2017,71.28629000000001,5.52,1945000000.0
401,Cote d'Ivoire,2018,72.93428,5.52,1559000000.0
402,Cote d'Ivoire,2019,72.62239,5.55,1760000000.0
403,Croatia,2005,74.5334,,847000000.0
404,Croatia,2010,72.87649,,1294000000.0
405,Croatia,2015,76.16989000000001,4.11,
406,Croatia,2017,78.21353,6.26,
407,Croatia,2018,78.44346999999999,6.21,
408,Croatia,2019,77.97686999999999,6.63,
409,Cuba,2005,44.842659999999995,,205000000.0
410,Cuba,2010,44.65976,,240000000.0
411,Cuba,2015,50.24125,,501000000.0
412,Cuba,2016,43.86305,,2825000000.0
413,Cuba,2017,60.7714,11.0,850000000.0
414,Cuba,2018,62.44019,10.82,715000000.0
415,Cuba,2019,47.789629999999995,9.62,495000000.0
416,Curacao,2005,23.24493,,
417,Curacao,2010,21.762729999999998,,
418,Curacao,2015,22.84177,,
419,Curacao,2016,21.47505,,
420,Curacao,2017,5.55556,,
421,Curacao,2018,5.55556,,
422,Curacao,2019,0.0,,
423,Cyprus,2005,35.743120000000005,,
424,Cyprus,2010,62.38259,,
425,Cyprus,2015,63.617509999999996,,
426,Cyprus,2017,73.93454,,
427,Cyprus,2018,74.86289000000001,,
428,Cyprus,2019,70.1324,,
429,Czechia,2005,42.435179999999995,,
430,Czechia,2010,53.10858,,
431,Czechia,2015,58.2943,,
432,Czechia,2017,63.24811999999999,,
433,Czechia,2018,63.639469999999996,,
434,Czechia,2019,62.096000000000004,,
435,Democratic Republic of Congo,2005,55.05096999999999,,1656000000.0
436,Democratic Republic of Congo,2010,55.875440000000005,,2980000000.0
437,Democratic Republic of Congo,2015,53.71526,,2791000000.0
438,Democratic Republic of Congo,2016,41.93168,,1849000000.0
439,Democratic Republic of Congo,2017,44.83062,,2188000000.0
440,Democratic Republic of Congo,2018,45.90383,,839000000.0
441,Democratic Republic of Congo,2019,67.28302,,3256000000.0
442,Denmark,2005,43.39907,,
443,Denmark,2010,51.22318,,
444,Denmark,2015,56.49691,,
445,Denmark,2017,60.30219,,
446,Denmark,2018,61.23854,,
447,Denmark,2019,60.8547,,
448,"Developed regions (Europe, Cyprus, Israel, Northern America, Japan, Australia & New Zealand)",2005,39.264590000000005,,
449,"Developed regions (Europe, Cyprus, Israel, Northern America, Japan, Australia & New Zealand)",2010,45.10194,,
450,"Developed regions (Europe, Cyprus, Israel, Northern America, Japan, Australia & New Zealand)",2015,51.29638,,
451,"Developed regions (Europe, Cyprus, Israel, Northern America, Japan, Australia & New Zealand)",2016,47.99532,,
452,"Developed regions (Europe, Cyprus, Israel, Northern America, Japan, Australia & New Zealand)",2017,55.229519999999994,,
453,"Developed regions (Europe, Cyprus, Israel, Northern America, Japan, Australia & New Zealand)",2018,56.03708,,
454,"Developed regions (Europe, Cyprus, Israel, Northern America, Japan, Australia & New Zealand)",2019,55.924519999999994,,
455,Developing regions,2005,40.5863,,
456,Developing regions,2010,43.80876,,
457,Developing regions,2015,49.30885,,
458,Developing regions,2016,48.53764,,
459,Developing regions,2017,51.09053,,
460,Developing regions,2018,52.11956,,
461,Developing regions,2019,52.159890000000004,,
462,Djibouti,2005,20.26538,,96000000.0
463,Djibouti,2010,60.81505,,110000000.0
464,Djibouti,2015,67.70538,,80000000.0
465,Djibouti,2016,60.5948,,164000000.0
466,Djibouti,2017,74.51361999999999,,87000000.0
467,Djibouti,2018,75.0495,,172000000.0
468,Djibouti,2019,58.76993,,304000000.0
469,Dominica,2005,54.791000000000004,,7000000.0
470,Dominica,2010,55.69781999999999,,28000000.0
471,Dominica,2015,70.98446,,9000000.0
472,Dominica,2016,62.73946,,-4000000.0
473,Dominica,2017,59.042030000000004,,19000000.0
474,Dominica,2018,60.1378,,231000000.0
475,Dominica,2019,56.96649,,43000000.0
476,Dominican Republic,2005,52.94707,,189000000.0
477,Dominican Republic,2010,54.26687,,1654000000.0
478,Dominican Republic,2015,51.71669,6.41,1911000000.0
479,Dominican Republic,2016,50.51252,,1722000000.0
480,Dominican Republic,2017,57.15309,6.83,1146000000.0
481,Dominican Republic,2018,56.62194,6.68,663000000.0
482,Dominican Republic,2019,54.06295,5.82,1770000000.0
483,Eastern Africa,2005,54.90651999999999,,
484,Eastern Africa,2010,64.92473000000001,,
485,Eastern Africa,2015,71.17531,,
486,Eastern Africa,2016,70.65377,,
487,Eastern Africa,2017,74.49944,,
488,Eastern Africa,2018,75.18356,,
489,Eastern Africa,2019,72.63556,,
490,Eastern Asia,2005,28.20745,,
491,Eastern Asia,2010,31.181620000000002,,
492,Eastern Asia,2015,37.089040000000004,,
493,Eastern Asia,2016,37.105270000000004,,
494,Eastern Asia,2017,40.19191,,
495,Eastern Asia,2018,41.23227,,
496,Eastern Asia,2019,42.30212,,
497,Eastern Europe,2005,51.72736,,
498,Eastern Europe,2010,56.26628,,
499,Eastern Europe,2015,60.34502,,
500,Eastern Europe,2016,68.71396999999999,,
501,Eastern Europe,2017,63.699380000000005,,
502,Eastern Europe,2018,64.15401,,
503,Eastern Europe,2019,63.44245,,
504,Eastern and South-Eastern Asia,2005,31.97557,,
505,Eastern and South-Eastern Asia,2010,36.484120000000004,,
506,Eastern and South-Eastern Asia,2015,43.54679,7.38,
507,Eastern and South-Eastern Asia,2016,42.805659999999996,,
508,Eastern and South-Eastern Asia,2017,46.71567,7.62,
509,Eastern and South-Eastern Asia,2018,47.717220000000005,6.89,
510,Eastern and South-Eastern Asia,2019,48.590959999999995,6.89,
511,Ecuador,2005,59.855019999999996,,892000000.0
512,Ecuador,2010,60.58856,,250000000.0
513,Ecuador,2015,66.68526999999999,4.34,2615000000.0
514,Ecuador,2016,57.092890000000004,,1433000000.0
515,Ecuador,2017,63.57294,4.02,1696000000.0
516,Ecuador,2018,65.70225,4.1,1702000000.0
517,Ecuador,2019,60.4486,4.47,2824000000.0
518,Egypt,2005,67.64936999999999,,4756000000.0
519,Egypt,2010,67.31452,,6698000000.0
520,Egypt,2015,67.06296999999999,5.67,10499000000.0
521,Egypt,2016,66.16438000000001,,9678000000.0
522,Egypt,2017,68.4451,5.3,5076000000.0
523,Egypt,2018,69.21627,5.04,8678000000.0
524,Egypt,2019,66.39794,4.95,5319000000.0
525,El Salvador,2005,73.31897,,482000000.0
526,El Salvador,2010,75.36417,,821000000.0
527,El Salvador,2015,76.40608,4.22,-41000000.0
528,El Salvador,2016,74.38616999999999,,262000000.0
529,El Salvador,2017,75.52641,3.91,208000000.0
530,El Salvador,2018,74.24703000000001,4.03,757000000.0
531,El Salvador,2019,73.40606,3.55,1181000000.0
532,Equatorial Guinea,2005,79.94429000000001,,471000000.0
533,Equatorial Guinea,2010,79.12458000000001,,91000000.0
534,Equatorial Guinea,2015,77.79503000000001,,-109000000.0
535,Equatorial Guinea,2016,44.01914,,-134000000.0
536,Equatorial Guinea,2017,57.03971,,167000000.0
537,Equatorial Guinea,2018,58.363640000000004,,237000000.0
538,Equatorial Guinea,2019,56.200230000000005,,55000000.0
539,Eritrea,2005,60.06601,,349000000.0
540,Eritrea,2010,45.14107,,161000000.0
541,Eritrea,2015,45.43269,9.09,87000000.0
542,Eritrea,2016,50.0,,72000000.0
543,Eritrea,2017,62.3431,11.47,80000000.0
544,Eritrea,2018,63.75,8.03,83000000.0
545,Eritrea,2019,63.878330000000005,7.67,265000000.0
546,Estonia,2005,46.2156,,
547,Estonia,2010,65.65751999999999,,
548,Estonia,2015,67.99865,5.83,
549,Estonia,2017,72.68693,6.38,
550,Estonia,2018,72.90643,4.32,
551,Estonia,2019,71.96599,1.67,
552,Eswatini,2005,27.605040000000002,,51000000.0
553,Eswatini,2010,34.74711,,64000000.0
554,Eswatini,2015,60.6857,13.83,126000000.0
555,Eswatini,2016,57.67416,,157000000.0
556,Eswatini,2017,56.1457,15.87,159000000.0
557,Eswatini,2018,56.9612,17.85,124000000.0
558,Eswatini,2019,58.475,18.21,104000000.0
559,Ethiopia,2005,46.86761,,1920000000.0
560,Ethiopia,2010,51.80986,,3710000000.0
561,Ethiopia,2015,56.616980000000005,7.9,4121000000.0
562,Ethiopia,2016,51.81347,,4945000000.0
563,Ethiopia,2017,58.01789,6.48,5262000000.0
564,Ethiopia,2018,58.60228000000001,6.27,5407000000.0
565,Ethiopia,2019,44.93035,7.07,4793000000.0
566,Europe,2005,40.91825,,
567,Europe,2010,47.11427,,
568,Europe,2015,53.65794,,
569,Europe,2016,62.200990000000004,,
570,Europe,2017,57.94656,,
571,Europe,2018,58.6745,,
572,Europe,2019,58.253930000000004,,
573,Europe and Northern America,2005,39.75396,,
574,Europe and Northern America,2010,45.802459999999996,,
575,Europe and Northern America,2015,51.90163,6.57,
576,Europe and Northern America,2016,50.13518,,
577,Europe and Northern America,2017,55.904109999999996,6.8,
578,Europe and Northern America,2018,56.70366,6.69,
579,Europe and Northern America,2019,56.37086,6.7,
580,Faeroe Islands,2005,59.11894,,
581,Faeroe Islands,2010,79.21727,,
582,Faeroe Islands,2015,85.07295,,
583,Faeroe Islands,2016,76.12208000000001,,
584,Faeroe Islands,2017,79.50052,,
585,Faeroe Islands,2018,80.14553000000001,,
586,Faeroe Islands,2019,79.0566,,
587,Falkland Islands,2005,61.11111,,
588,Falkland Islands,2010,71.31474,,
589,Falkland Islands,2015,69.56522,,
590,Falkland Islands,2016,34.75177,,
591,Falkland Islands,2017,60.22305,,
592,Falkland Islands,2018,60.153259999999996,,
593,Falkland Islands,2019,68.88889,,
594,Fiji,2005,44.72753,,118000000.0
595,Fiji,2010,41.586940000000006,,87000000.0
596,Fiji,2015,48.50942,9.65,144000000.0
597,Fiji,2016,47.892959999999995,,143000000.0
598,Fiji,2017,44.75254,8.91,239000000.0
599,Fiji,2018,49.31507,8.55,188000000.0
600,Fiji,2019,65.5115,8.67,149000000.0
601,Finland,2005,42.033590000000004,,
602,Finland,2010,51.2789,,
603,Finland,2015,58.34203,,
604,Finland,2017,60.8776,,
605,Finland,2018,61.46024,,
606,Finland,2019,61.23114,,
607,France,2005,35.88568,,
608,France,2010,39.36172,,
609,France,2015,46.35374,,
610,France,2017,50.18287,,
611,France,2018,50.32154,,
612,France,2019,50.42347,,
613,French Guiana,2005,0.0,,
614,French Polynesia,2005,72.1831,,
615,French Polynesia,2010,78.08989,,
616,French Polynesia,2015,79.06137,,
617,French Polynesia,2016,59.86841999999999,,
618,French Polynesia,2017,75.44986999999999,,
619,French Polynesia,2018,75.7732,,
620,French Polynesia,2019,71.64366,,
621,French Southern Territories,2005,45.94595,,
622,French Southern Territories,2010,22.76923,,
623,French Southern Territories,2015,41.11111,,
624,French Southern Territories,2016,32.0,,
625,French Southern Territories,2017,67.79661,,
626,French Southern Territories,2018,68.42105,,
627,French Southern Territories,2019,68.78981,,
628,Gabon,2005,65.83113,,-78000000.0
629,Gabon,2010,58.02469,,504000000.0
630,Gabon,2015,50.6871,,-721000000.0
631,Gabon,2016,37.742779999999996,,-202000000.0
632,Gabon,2017,41.81736,,60000000.0
633,Gabon,2018,44.721070000000005,,47000000.0
634,Gabon,2019,39.418890000000005,,313000000.0
635,Gambia,2005,35.3001,,67000000.0
636,Gambia,2010,30.95559,,125000000.0
637,Gambia,2015,69.61484,10.03,122000000.0
638,Gambia,2016,70.53364,,86000000.0
639,Gambia,2017,74.38016999999999,9.72,335000000.0
640,Gambia,2018,76.29382,12.67,241000000.0
641,Gambia,2019,78.37838,13.26,280000000.0
642,Georgia,2005,54.23197,,347000000.0
643,Georgia,2010,52.85714,,861000000.0
644,Georgia,2015,67.23691,1.17,2040000000.0
645,Georgia,2016,61.23478000000001,,1139000000.0
646,Georgia,2017,65.21871999999999,1.34,1070000000.0
647,Georgia,2018,68.2837,1.28,1142000000.0
648,Georgia,2019,68.80988,1.42,1128000000.0
649,Germany,2005,37.29787,,
650,Germany,2010,42.34187,,
651,Germany,2015,48.32347,,
652,Germany,2017,53.789019999999994,,
653,Germany,2018,54.38458000000001,,
654,Germany,2019,54.4103,,
655,Ghana,2005,31.504240000000003,,2093000000.0
656,Ghana,2010,32.553670000000004,,2487000000.0
657,Ghana,2015,73.54719,9.43,3065000000.0
658,Ghana,2016,68.46986,,2936000000.0
659,Ghana,2017,72.55954,7.19,1834000000.0
660,Ghana,2018,75.35191999999999,6.99,1442000000.0
661,Ghana,2019,75.1352,8.12,1128000000.0
662,Gibraltar,2005,55.34506,,
663,Gibraltar,2010,49.540079999999996,,
664,Gibraltar,2015,39.36817,,
665,Gibraltar,2016,24.09326,,
666,Gibraltar,2017,31.380209999999998,,
667,Gibraltar,2018,31.6273,,
668,Gibraltar,2019,31.90955,,
669,Greece,2005,49.53105,,
670,Greece,2010,56.85479,,
671,Greece,2015,62.68974,,
672,Greece,2017,68.10309000000001,,
673,Greece,2018,68.25922,,
674,Greece,2019,66.37047,,
675,Greenland,2005,72.55245,,
676,Greenland,2010,79.38144,,
677,Greenland,2015,73.68421,,
678,Greenland,2016,56.46552,,
679,Greenland,2017,82.62295,,
680,Greenland,2018,83.52554,,
681,Greenland,2019,79.46257,,
682,Grenada,2005,58.54127,,95000000.0
683,Grenada,2010,74.68806,,30000000.0
684,Grenada,2015,87.05281,,41000000.0
685,Grenada,2016,87.02595,,13000000.0
686,Grenada,2017,84.78664,,11000000.0
687,Grenada,2018,85.13011,,37000000.0
688,Grenada,2019,84.58781,,18000000.0
689,Guam,2010,6.25,,
690,Guam,2015,7.692310000000001,,
691,Guam,2016,7.9516,,
692,Guam,2017,20.83333,,
693,Guam,2018,21.16183,,
694,Guam,2019,18.19728,,
695,Guatemala,2005,65.00813000000001,,501000000.0
696,Guatemala,2010,67.08869,,1344000000.0
697,Guatemala,2015,70.69248,4.7,1315000000.0
698,Guatemala,2016,68.34996,,552000000.0
699,Guatemala,2017,72.43488,4.99,625000000.0
700,Guatemala,2018,69.51538000000001,5.24,643000000.0
701,Guatemala,2019,70.5738,3.99,419000000.0
702,Guinea,2005,45.2007,,156000000.0
703,Guinea,2010,49.49772,,206000000.0
704,Guinea,2015,75.09328000000001,,581000000.0
705,Guinea,2016,80.08089,,520000000.0
706,Guinea,2017,79.70297,,580000000.0
707,Guinea,2018,84.19898,,793000000.0
708,Guinea,2019,86.37971999999999,,882000000.0
709,Guinea-Bissau,2005,49.46237,,65000000.0
710,Guinea-Bissau,2010,51.724140000000006,,135000000.0
711,Guinea-Bissau,2015,59.493669999999995,,100000000.0
712,Guinea-Bissau,2016,58.86525,,115000000.0
713,Guinea-Bissau,2017,67.71654000000001,,121000000.0
714,Guinea-Bissau,2018,74.01575,,145000000.0
715,Guinea-Bissau,2019,63.716809999999995,,163000000.0
716,Guyana,2005,83.58491,,435000000.0
717,Guyana,2010,84.95248000000001,,109000000.0
718,Guyana,2015,86.80765,8.66,54000000.0
719,Guyana,2016,86.07889,,47000000.0
720,Guyana,2017,84.19355,8.47,62000000.0
721,Guyana,2018,84.10726,6.45,108000000.0
722,Guyana,2019,81.48607,8.55,1477000000.0
723,Haiti,2005,58.24533,,373000000.0
724,Haiti,2010,57.88462,,2819000000.0
725,Haiti,2015,58.69001,9.41,1052000000.0
726,Haiti,2016,61.6622,,1020000000.0
727,Haiti,2017,65.73146,8.09,988000000.0
728,Haiti,2018,67.9878,7.24,1009000000.0
729,Haiti,2019,58.46378000000001,7.54,730000000.0
730,Heard Island and McDonald Islands,2016,40.0,,
731,Heard Island and McDonald Islands,2017,19.44444,,
732,Heard Island and McDonald Islands,2018,19.44444,,
733,Heard Island and McDonald Islands,2019,50.0,,
734,Honduras,2005,69.10823,,510000000.0
735,Honduras,2010,66.94882,,674000000.0
736,Honduras,2015,76.15213,4.25,1185000000.0
737,Honduras,2016,71.58672,,700000000.0
738,Honduras,2017,74.16405999999999,4.19,492000000.0
739,Honduras,2018,73.80036,4.07,-412000000.0
740,Honduras,2019,75.72913,3.55,1003000000.0
741,Hungary,2005,42.72916,,
742,Hungary,2010,54.01636,,
743,Hungary,2015,61.61571,6.06,
744,Hungary,2017,64.9145,8.08,
745,Hungary,2018,65.29142,8.49,
746,Hungary,2019,64.53138,7.41,
747,Iceland,2005,60.78329,,
748,Iceland,2010,63.593469999999996,,
749,Iceland,2015,74.00399999999999,,
750,Iceland,2016,68.85469,,
751,Iceland,2017,75.10023000000001,,
752,Iceland,2018,76.1321,,
753,Iceland,2019,73.03457,,
754,India,2005,29.56985,,8746000000.0
755,India,2010,33.23872,,28774000000.0
756,India,2015,35.138870000000004,6.5,12274000000.0
757,India,2016,35.05542,,19427000000.0
758,India,2017,35.97394,5.98,23349000000.0
759,India,2018,37.03993,5.68,18093000000.0
760,India,2019,38.06559,5.38,24002000000.0
761,Indonesia,2005,36.63178,,7945000000.0
762,Indonesia,2010,41.9685,,6456000000.0
763,Indonesia,2015,49.48921,6.9,13425000000.0
764,Indonesia,2016,46.84091,,13953000000.0
765,Indonesia,2017,50.5039,7.13,14468000000.0
766,Indonesia,2018,51.37546,6.85,11186000000.0
767,Indonesia,2019,52.4084,6.08,14966000000.0
768,Iran,2005,24.88075,,5685000000.0
769,Iran,2010,30.389459999999996,,-1258000000.0
770,Iran,2015,26.9824,,-266000000.0
771,Iran,2016,31.620520000000003,,273000000.0
772,Iran,2017,31.00025,,-571000000.0
773,Iran,2018,30.504179999999998,,197000000.0
774,Iran,2019,31.235159999999997,,-227000000.0
775,Iraq,2005,61.0582,,20698000000.0
776,Iraq,2010,57.982459999999996,,2493000000.0
777,Iraq,2015,58.50621999999999,,4710000000.0
778,Iraq,2016,51.40325,,4338000000.0
779,Iraq,2017,43.27908,,2620000000.0
780,Iraq,2018,44.17892,,3467000000.0
781,Iraq,2019,42.138729999999995,,920000000.0
782,Ireland,2005,44.68544,,
783,Ireland,2010,55.01051,,
784,Ireland,2015,59.67945,,
785,Ireland,2017,63.53006,,
786,Ireland,2018,64.16830999999999,,
787,Ireland,2019,63.60791,,
788,Israel,2005,49.350190000000005,,
789,Israel,2010,53.3659,,
790,Israel,2015,60.01006999999999,,
791,Israel,2016,54.00561,,
792,Israel,2017,59.21313000000001,,
793,Israel,2018,60.818999999999996,,
794,Israel,2019,60.5269,,
795,Italy,2005,36.51928,,
796,Italy,2010,41.18098,,
797,Italy,2015,48.707840000000004,,
798,Italy,2017,52.913509999999995,,
799,Italy,2018,53.49171,,
800,Italy,2019,53.71598,,
801,Jamaica,2005,69.74833000000001,,-1727000000.0
802,Jamaica,2010,69.01094,,989000000.0
803,Jamaica,2015,76.91714,8.53,342000000.0
804,Jamaica,2016,76.83440999999999,,-668000000.0
805,Jamaica,2017,75.76536999999999,8.89,205000000.0
806,Jamaica,2018,76.39216,8.22,131000000.0
807,Jamaica,2019,73.44748,8.13,216000000.0
808,Japan,2005,28.71745,,
809,Japan,2010,33.07817,,
810,Japan,2015,39.60524,,
811,Japan,2016,38.71763,,
812,Japan,2017,44.557790000000004,,
813,Japan,2018,45.429829999999995,,
814,Japan,2019,46.93893,,
815,Jordan,2005,76.44928,,879000000.0
816,Jordan,2010,69.91908000000001,,1631000000.0
817,Jordan,2015,77.74163,5.78,3425000000.0
818,Jordan,2016,77.44933,,3353000000.0
819,Jordan,2017,77.77778,5.7,3597000000.0
820,Jordan,2018,78.74003,5.41,3172000000.0
821,Jordan,2019,77.60557,4.85,3834000000.0
822,Kazakhstan,2005,76.68370999999999,,1975000000.0
823,Kazakhstan,2010,77.39152,,948000000.0
824,Kazakhstan,2015,76.15773,1.43,4429000000.0
825,Kazakhstan,2016,83.42903000000001,,419000000.0
826,Kazakhstan,2017,78.64713,1.34,-3794000000.0
827,Kazakhstan,2018,78.8274,1.48,-8081000000.0
828,Kazakhstan,2019,82.01311,1.5,-1023000000.0
829,Kenya,2005,62.514880000000005,,1070000000.0
830,Kenya,2010,71.14844000000001,,1504000000.0
831,Kenya,2015,74.13574,8.83,2529000000.0
832,Kenya,2016,69.18255,,2683000000.0
833,Kenya,2017,71.69178000000001,7.93,3299000000.0
834,Kenya,2018,72.31447,8.36,3519000000.0
835,Kenya,2019,70.78455,7.68,3170000000.0
836,Kiribati,2005,71.55963,,28000000.0
837,Kiribati,2010,55.75221,,24000000.0
838,Kiribati,2015,56.52174,,68000000.0
839,Kiribati,2016,57.432430000000004,,52000000.0
840,Kiribati,2017,60.26786,,77000000.0
841,Kiribati,2018,61.60714,,90000000.0
842,Kiribati,2019,59.426230000000004,,62000000.0
843,Kuwait,2005,70.8883,,
844,Kuwait,2010,70.66435,,
845,Kuwait,2015,68.50639,,
846,Kuwait,2016,76.84312,,
847,Kuwait,2017,63.29606,,
848,Kuwait,2018,64.21311,,
849,Kuwait,2019,62.38925,,
850,Kyrgyzstan,2005,71.78406,,302000000.0
851,Kyrgyzstan,2010,82.02429000000001,,413000000.0
852,Kyrgyzstan,2015,76.08555,1.25,781000000.0
853,Kyrgyzstan,2016,79.11495,,453000000.0
854,Kyrgyzstan,2017,82.94181,4.01,474000000.0
855,Kyrgyzstan,2018,83.3939,5.46,502000000.0
856,Kyrgyzstan,2019,87.09759,4.6,474000000.0
857,Landlocked developing countries (LLDCs),2005,62.8712,,
858,Landlocked developing countries (LLDCs),2010,66.53401,,
859,Landlocked developing countries (LLDCs),2015,72.79803000000001,,
860,Landlocked developing countries (LLDCs),2016,71.13790999999999,,
861,Landlocked developing countries (LLDCs),2017,74.46736999999999,,
862,Landlocked developing countries (LLDCs),2018,75.12942,,
863,Landlocked developing countries (LLDCs),2019,74.02969,,
864,Laos,2005,72.81896,,301000000.0
865,Laos,2010,80.06631,,441000000.0
866,Laos,2015,83.3231,,526000000.0
867,Laos,2016,74.65753000000001,,482000000.0
868,Laos,2017,76.69903000000001,16.32,627000000.0
869,Laos,2018,77.98602,15.67,650000000.0
870,Laos,2019,76.62483,12.03,739000000.0
871,Latin America and the Caribbean,2005,55.05959,,
872,Latin America and the Caribbean,2010,57.46154,,
873,Latin America and the Caribbean,2015,62.62093,6.29,
874,Latin America and the Caribbean,2016,61.52523000000001,,
875,Latin America and the Caribbean,2017,62.93939,5.66,
876,Latin America and the Caribbean,2018,63.99024,5.87,
877,Latin America and the Caribbean,2019,63.16154,5.92,
878,Latvia,2005,34.891659999999995,,
879,Latvia,2010,63.88522,,
880,Latvia,2015,65.75145,4.78,
881,Latvia,2017,70.67652,5.11,
882,Latvia,2018,70.90287,4.0,
883,Latvia,2019,68.13292,1.83,
884,Least developed countries (LDCs),2005,48.08718,,
885,Least developed countries (LDCs),2010,53.72951,,
886,Least developed countries (LDCs),2015,63.83259,,
887,Least developed countries (LDCs),2016,60.444030000000005,,
888,Least developed countries (LDCs),2017,65.97545,,
889,Least developed countries (LDCs),2018,67.31584000000001,,
890,Least developed countries (LDCs),2019,66.29508,,
891,Lebanon,2005,56.0072,,374000000.0
892,Lebanon,2010,51.45296,,894000000.0
893,Lebanon,2015,55.49997,13.13,955000000.0
894,Lebanon,2016,47.48948,,1503000000.0
895,Lebanon,2017,51.115140000000004,11.66,1689000000.0
896,Lebanon,2018,54.0822,10.97,1757000000.0
897,Lebanon,2019,50.75975,10.45,1212000000.0
898,Lesotho,2005,37.93103,,51000000.0
899,Lesotho,2010,45.83333,,240000000.0
900,Lesotho,2015,87.2814,13.83,83000000.0
901,Lesotho,2016,89.5881,,121000000.0
902,Lesotho,2017,87.54915,15.87,132000000.0
903,Lesotho,2018,88.41343,15.08,149000000.0
904,Lesotho,2019,88.05606,15.0,123000000.0
905,Liberia,2005,34.15698,,-2328000000.0
906,Liberia,2010,55.6391,,2423000000.0
907,Liberia,2015,67.71005,5.04,1858000000.0
908,Liberia,2016,59.80392,,159000000.0
909,Liberia,2017,71.97509000000001,5.53,379000000.0
910,Liberia,2018,75.65056,4.93,-644000000.0
911,Liberia,2019,76.19461,4.17,803000000.0
912,Libya,2005,73.67886,,524000000.0
913,Libya,2010,76.61157,,-310000000.0
914,Libya,2015,55.086580000000005,,418000000.0
915,Libya,2016,67.84363,,-671000000.0
916,Libya,2017,52.14008,,411000000.0
917,Libya,2018,52.26917,,504000000.0
918,Libya,2019,56.79758,,779000000.0
919,Liechtenstein,2016,0.0,,
920,Liechtenstein,2017,62.12121,,
921,Liechtenstein,2018,62.12121,,
922,Liechtenstein,2019,51.724140000000006,,
923,Lithuania,2005,36.58559,,
924,Lithuania,2010,58.271,,
925,Lithuania,2015,59.672219999999996,8.19,
926,Lithuania,2017,65.47579,7.07,
927,Lithuania,2018,65.60103000000001,6.66,
928,Lithuania,2019,62.97858000000001,5.67,
929,Luxembourg,2005,47.16252,,
930,Luxembourg,2010,66.43491999999999,,
931,Luxembourg,2015,69.0087,,
932,Luxembourg,2017,69.94962,,
933,Luxembourg,2018,70.30715,,
934,Luxembourg,2019,66.70209,,
935,Macao,2005,38.27961,,
936,Macao,2010,53.983990000000006,,
937,Macao,2015,50.01048,,
938,Macao,2016,52.74616999999999,,
939,Macao,2017,51.79935,,
940,Macao,2018,52.907740000000004,,
941,Macao,2019,50.62232,,
942,Madagascar,2005,60.05729,,723000000.0
943,Madagascar,2010,61.378130000000006,,999000000.0
944,Madagascar,2015,66.23423000000001,,641000000.0
945,Madagascar,2016,63.40371,,636000000.0
946,Madagascar,2017,68.74254,7.92,851000000.0
947,Madagascar,2018,69.64101,8.16,848000000.0
948,Madagascar,2019,68.91324,8.58,1181000000.0
949,Malawi,2005,65.73482,,572000000.0
950,Malawi,2010,80.63616,,1049000000.0
951,Malawi,2015,85.75929000000001,9.14,1070000000.0
952,Malawi,2016,85.89744,,1180000000.0
953,Malawi,2017,85.38939,16.95,1608000000.0
954,Malawi,2018,85.66434,15.82,1762000000.0
955,Malawi,2019,88.16304000000001,14.47,1156000000.0
956,Malaysia,2005,40.55281,,724000000.0
957,Malaysia,2010,47.15475,,6726000000.0
958,Malaysia,2015,53.889590000000005,5.73,3457000000.0
959,Malaysia,2016,54.604690000000005,,587000000.0
960,Malaysia,2017,57.97512,8.06,2192000000.0
961,Malaysia,2018,58.80222,7.41,-918000000.0
962,Malaysia,2019,59.23021,5.86,11071000000.0
963,Maldives,2005,42.5187,,124000000.0
964,Maldives,2010,60.88889,,93000000.0
965,Maldives,2015,47.34982,,128000000.0
966,Maldives,2016,48.27969,,15000000.0
967,Maldives,2017,52.81501,,22000000.0
968,Maldives,2018,53.74211,,297000000.0
969,Maldives,2019,55.869069999999994,,212000000.0
970,Mali,2005,54.03938,,771000000.0
971,Mali,2010,51.57035,,1122000000.0
972,Mali,2015,77.40916,5.11,1273000000.0
973,Mali,2016,71.96519,,1316000000.0
974,Mali,2017,81.44166,5.05,1617000000.0
975,Mali,2018,82.334,5.09,1579000000.0
976,Mali,2019,85.05338,4.75,1848000000.0
977,Malta,2005,47.759409999999995,,
978,Malta,2010,59.6,,
979,Malta,2015,68.12057,,
980,Malta,2017,73.38163,,
981,Malta,2018,74.01016,,
982,Malta,2019,71.17605,,
983,Marshall Islands,2005,48.0,,2793000000.0
984,Marshall Islands,2010,42.073170000000005,,998000000.0
985,Marshall Islands,2015,54.32431999999999,,2309000000.0
986,Marshall Islands,2016,32.0,,58000000.0
987,Marshall Islands,2017,33.60324,,661000000.0
988,Marshall Islands,2018,36.363640000000004,,-402000000.0
989,Marshall Islands,2019,29.40199,,240000000.0
990,Mauritania,2005,51.03093,,191000000.0
991,Mauritania,2010,38.898759999999996,,373000000.0
992,Mauritania,2015,49.0818,,364000000.0
993,Mauritania,2016,31.61157,,223000000.0
994,Mauritania,2017,43.074690000000004,,286000000.0
995,Mauritania,2018,45.0631,,453000000.0
996,Mauritania,2019,39.8121,,-343000000.0
997,Mauritius,2005,44.98106,,147000000.0
998,Mauritius,2010,56.00415,,4390000000.0
999,Mauritius,2015,61.58525,,-658000000.0
1000,Mauritius,2016,62.90342,,-78000000.0
1001,Mauritius,2017,67.61003000000001,,3963000000.0
1002,Mauritius,2018,67.76892,,-1357000000.0
1003,Mauritius,2019,66.86198,,5650000000.0
1004,Mayotte,2005,82.63889,,195000000.0
1005,Mayotte,2010,93.22034000000001,,605000000.0
1006,Mexico,2005,56.90903,,17080000000.0
1007,Mexico,2010,57.6367,,27448000000.0
1008,Mexico,2015,55.84627,5.59,22201000000.0
1009,Mexico,2016,55.45587,,9121000000.0
1010,Mexico,2017,56.30846999999999,4.86,27354000000.0
1011,Mexico,2018,56.32394,4.06,23093000000.0
1012,Mexico,2019,58.832159999999995,4.61,13314000000.0
1013,Micronesia (country),2005,24.675320000000003,,105000000.0
1014,Micronesia (country),2010,20.948620000000002,,68000000.0
1015,Micronesia (country),2015,56.36792,,879000000.0
1016,Micronesia (country),2016,46.956520000000005,,767000000.0
1017,Micronesia (country),2017,41.10429,,552000000.0
1018,Micronesia (country),2018,41.71779,,-1542000000.0
1019,Micronesia (country),2019,35.26316,,-1122000000.0
1020,Middle Africa,2005,64.86903000000001,,
1021,Middle Africa,2010,61.96301,,
1022,Middle Africa,2015,62.53824,,
1023,Middle Africa,2016,48.34489,,
1024,Middle Africa,2017,55.70417,,
1025,Middle Africa,2018,57.11176999999999,,
1026,Middle Africa,2019,55.87835,,
1027,Moldova,2005,82.07473,,158000000.0
1028,Moldova,2010,72.77628,,666000000.0
1029,Moldova,2015,66.72935,5.7,273000000.0
1030,Moldova,2016,52.42739,,391000000.0
1031,Moldova,2017,66.31891,5.74,224000000.0
1032,Moldova,2018,67.05128,5.81,327000000.0
1033,Moldova,2019,67.95342,5.99,462000000.0
1034,Mongolia,2005,49.802890000000005,,179000000.0
1035,Mongolia,2010,45.647059999999996,,468000000.0
1036,Mongolia,2015,50.18587,,665000000.0
1037,Mongolia,2016,33.49217,,1668000000.0
1038,Mongolia,2017,45.29352,,642000000.0
1039,Mongolia,2018,44.21107,,716000000.0
1040,Mongolia,2019,42.28546,,1321000000.0
1041,Montenegro,2010,89.04261,,185000000.0
1042,Montenegro,2015,88.58781,,362000000.0
1043,Montenegro,2016,85.55102,,303000000.0
1044,Montenegro,2017,86.87534000000001,,430000000.0
1045,Montenegro,2018,87.19076,,273000000.0
1046,Montenegro,2019,83.71991,,216000000.0
1047,Montserrat,2005,60.99585,,26000000.0
1048,Montserrat,2010,49.31507,,26000000.0
1049,Montserrat,2015,54.005930000000006,,52000000.0
1050,Montserrat,2016,54.13534,,39000000.0
1051,Montserrat,2017,69.28105,,33000000.0
1052,Montserrat,2018,71.71053,,42000000.0
1053,Montserrat,2019,73.4127,,36000000.0
1054,Morocco,2005,54.271359999999994,,2224000000.0
1055,Morocco,2010,49.813629999999996,,3568000000.0
1056,Morocco,2015,53.043780000000005,6.99,2500000000.0
1057,Morocco,2016,43.46218,,3754000000.0
1058,Morocco,2017,48.16917,6.78,2655000000.0
1059,Morocco,2018,49.05527,5.98,1391000000.0
1060,Morocco,2019,47.34663,6.2,2869000000.0
1061,Mozambique,2005,52.54902,,1282000000.0
1062,Mozambique,2010,58.199909999999996,,2873000000.0
1063,Mozambique,2015,83.65679,18.16,2314000000.0
1064,Mozambique,2016,82.23886999999999,,1615000000.0
1065,Mozambique,2017,84.16226,14.67,1711000000.0
1066,Mozambique,2018,85.49427,11.5,3731000000.0
1067,Mozambique,2019,81.85053,13.61,2158000000.0
1068,Myanmar,2005,39.043440000000004,,131000000.0
1069,Myanmar,2010,38.60718,,646000000.0
1070,Myanmar,2015,69.19901999999999,,2460000000.0
1071,Myanmar,2016,63.52071,,1993000000.0
1072,Myanmar,2017,64.38937,12.13,2090000000.0
1073,Myanmar,2018,66.05452,14.38,2143000000.0
1074,Myanmar,2019,61.982780000000005,10.57,2731000000.0
1075,Namibia,2005,58.320209999999996,,158000000.0
1076,Namibia,2010,28.2708,,34000000.0
1077,Namibia,2015,84.30733000000001,,394000000.0
1078,Namibia,2016,59.51152,,407000000.0
1079,Namibia,2017,60.77494,27.64,597000000.0
1080,Namibia,2018,67.86085,26.94,347000000.0
1081,Namibia,2019,66.85436999999999,16.05,151000000.0
1082,Nauru,2005,38.29787,,12000000.0
1083,Nauru,2010,66.51786,,28000000.0
1084,Nauru,2015,40.0,,31000000.0
1085,Nauru,2016,40.433209999999995,,85000000.0
1086,Nauru,2017,42.63261,,45000000.0
1087,Nauru,2018,42.91339,,38000000.0
1088,Nauru,2019,40.82031,,54000000.0
1089,Nepal,2005,51.735170000000004,,397000000.0
1090,Nepal,2010,66.05190999999999,,749000000.0
1091,Nepal,2015,77.80513,3.57,1215000000.0
1092,Nepal,2016,75.77382,,1071000000.0
1093,Nepal,2017,77.73469,4.69,1321000000.0
1094,Nepal,2018,78.56996,5.02,1477000000.0
1095,Nepal,2019,79.59184,4.82,1414000000.0
1096,Netherlands,2005,39.26412,,
1097,Netherlands,2010,44.24371,,
1098,Netherlands,2015,50.37085,,
1099,Netherlands,2017,54.90821999999999,,
1100,Netherlands,2018,55.943290000000005,,
1101,Netherlands,2019,54.844730000000006,,
1102,New Caledonia,2005,69.50392,,
1103,New Caledonia,2010,61.818999999999996,,
1104,New Caledonia,2015,72.74725,,
1105,New Caledonia,2016,49.58383,,
1106,New Caledonia,2017,67.05490999999999,,
1107,New Caledonia,2018,67.85714,,
1108,New Caledonia,2019,64.41368,,
1109,New Zealand,2005,40.20492,,
1110,New Zealand,2010,41.476279999999996,,
1111,New Zealand,2015,48.73468,,
1112,New Zealand,2016,43.246190000000006,,
1113,New Zealand,2017,47.15254,,
1114,New Zealand,2018,47.24443,,
1115,New Zealand,2019,52.849830000000004,,
1116,Nicaragua,2005,64.23473,,575000000.0
1117,Nicaragua,2010,71.08195,,545000000.0
1118,Nicaragua,2015,72.2512,4.06,542000000.0
1119,Nicaragua,2016,67.28544000000001,,369000000.0
1120,Nicaragua,2017,70.5072,4.16,583000000.0
1121,Nicaragua,2018,66.56899,5.06,501000000.0
1122,Nicaragua,2019,69.73662,4.5,416000000.0
1123,Niger,2005,51.4719,,397000000.0
1124,Niger,2010,56.16883000000001,,674000000.0
1125,Niger,2015,77.38542,,924000000.0
1126,Niger,2016,76.74825,,1112000000.0
1127,Niger,2017,84.47581,,1297000000.0
1128,Niger,2018,85.66622,,1286000000.0
1129,Niger,2019,79.95241,,1447000000.0
1130,Nigeria,2005,34.86438,,7582000000.0
1131,Nigeria,2010,31.839979999999997,,1266000000.0
1132,Nigeria,2015,55.666109999999996,7.75,22425000000.0
1133,Nigeria,2016,52.68444,,-9363000000.0
1134,Nigeria,2017,58.154869999999995,8.51,8338000000.0
1135,Nigeria,2018,60.32487,7.61,3916000000.0
1136,Nigeria,2019,59.01235,8.61,6384000000.0
1137,Niue,2005,57.14286,,20000000.0
1138,Niue,2010,31.976740000000003,,15000000.0
1139,Niue,2015,50.0,,20000000.0
1140,Niue,2016,51.57895,,14000000.0
1141,Niue,2017,33.93502,,15000000.0
1142,Niue,2018,35.01805,,19000000.0
1143,Niue,2019,57.14286,,19000000.0
1144,Norfolk Island,2005,34.09091,,
1145,Norfolk Island,2010,31.03448,,
1146,Norfolk Island,2015,56.75676,,
1147,Norfolk Island,2016,30.26316,,
1148,Norfolk Island,2017,47.945209999999996,,
1149,Norfolk Island,2018,50.704229999999995,,
1150,Norfolk Island,2019,43.85965,,
1151,North Korea,2005,18.06179,,149000000.0
1152,North Korea,2010,21.2363,,73000000.0
1153,North Korea,2015,28.162509999999997,,156000000.0
1154,North Korea,2016,20.80408,,135000000.0
1155,North Korea,2017,22.405829999999998,,111000000.0
1156,North Korea,2018,22.78667,,127000000.0
1157,North Korea,2019,31.74564,,118000000.0
1158,North Macedonia,2005,83.42255,,382000000.0
1159,North Macedonia,2010,76.56935,,552000000.0
1160,North Macedonia,2015,70.98678000000001,,254000000.0
1161,North Macedonia,2016,61.798930000000006,,483000000.0
1162,North Macedonia,2017,73.20934,10.43,321000000.0
1163,North Macedonia,2018,73.48055,10.18,435000000.0
1164,North Macedonia,2019,72.16232,11.14,473000000.0
1165,Northern Africa,2005,62.85581,,
1166,Northern Africa,2010,59.087830000000004,,
1167,Northern Africa,2015,59.741530000000004,,
1168,Northern Africa,2016,54.3555,,
1169,Northern Africa,2017,58.002669999999995,,
1170,Northern Africa,2018,58.84638,,
1171,Northern Africa,2019,56.558730000000004,,
1172,Northern Africa and Western Asia,2005,47.64752,,
1173,Northern Africa and Western Asia,2010,49.27476,,
1174,Northern Africa and Western Asia,2015,50.98686,7.54,
1175,Northern Africa and Western Asia,2016,50.26807,,
1176,Northern Africa and Western Asia,2017,52.115970000000004,7.01,
1177,Northern Africa and Western Asia,2018,53.25376,6.84,
1178,Northern Africa and Western Asia,2019,51.44938,6.65,
1179,Northern America,2005,33.73668,,
1180,Northern America,2010,38.45865,,
1181,Northern America,2015,41.29298,,
1182,Northern America,2016,42.33631,,
1183,Northern America,2017,43.26184,,
1184,Northern America,2018,44.38622,,
1185,Northern America,2019,44.39672,,
1186,Northern Europe,2005,40.87023,,
1187,Northern Europe,2010,48.67903,,
1188,Northern Europe,2015,54.83578000000001,,
1189,Northern Europe,2016,58.88275,,
1190,Northern Europe,2017,58.87368000000001,,
1191,Northern Europe,2018,59.77431,,
1192,Northern Europe,2019,59.257659999999994,,
1193,Northern Mariana Islands,2005,17.95918,,
1194,Northern Mariana Islands,2010,21.40468,,
1195,Northern Mariana Islands,2015,22.1875,,
1196,Northern Mariana Islands,2016,10.84142,,
1197,Northern Mariana Islands,2017,51.30435,,
1198,Northern Mariana Islands,2018,52.54237,,
1199,Northern Mariana Islands,2019,39.65517,,
1200,Norway,2005,48.56487,,
1201,Norway,2010,51.13917,,
1202,Norway,2015,60.93544,,
1203,Norway,2016,57.12458,,
1204,Norway,2017,62.01136999999999,,
1205,Norway,2018,63.522690000000004,,
1206,Norway,2019,63.95224,,
1207,Oceania,2005,40.82014,,
1208,Oceania,2010,41.60095,,
1209,Oceania,2015,48.254940000000005,,
1210,Oceania,2016,45.39953,,
1211,Oceania,2017,49.65282,,
1212,Oceania,2018,50.48682,,
1213,Oceania,2019,53.778980000000004,,
1214,Oceania (exc. Australia and New Zealand),2005,48.234759999999994,,
1215,Oceania (exc. Australia and New Zealand),2010,46.290820000000004,,
1216,Oceania (exc. Australia and New Zealand),2015,53.420159999999996,10.1,
1217,Oceania (exc. Australia and New Zealand),2016,44.24988,,
1218,Oceania (exc. Australia and New Zealand),2017,49.04828,10.93,
1219,Oceania (exc. Australia and New Zealand),2018,51.342040000000004,9.57,
1220,Oceania (exc. Australia and New Zealand),2019,53.95431,9.6,
1221,Oman,2005,62.805409999999995,,2374000000.0
1222,Oman,2010,64.90519,,1247000000.0
1223,Oman,2015,60.85065,,
1224,Oman,2016,68.44436999999999,,
1225,Oman,2017,61.92714,,
1226,Oman,2018,62.866580000000006,,
1227,Oman,2019,59.98356999999999,,
1228,Pakistan,2005,24.1142,,2437000000.0
1229,Pakistan,2010,26.00058,,3203000000.0
1230,Pakistan,2015,32.220620000000004,5.39,3551000000.0
1231,Pakistan,2016,27.43763,,4255000000.0
1232,Pakistan,2017,32.67382,4.76,3445000000.0
1233,Pakistan,2018,33.449940000000005,5.47,1164000000.0
1234,Pakistan,2019,32.11145,4.77,2863000000.0
1235,Palau,2005,37.62376,,22000000.0
1236,Palau,2010,18.26087,,32000000.0
1237,Palau,2015,70.38462,,21000000.0
1238,Palau,2016,31.645570000000003,,33000000.0
1239,Palau,2017,55.31915,,42000000.0
1240,Palau,2018,56.25,,102000000.0
1241,Palau,2019,55.08475,,37000000.0
1242,Palestine,2005,74.86034000000001,,1036000000.0
1243,Palestine,2010,75.48638000000001,,2531000000.0
1244,Palestine,2015,86.09551,,1887000000.0
1245,Palestine,2016,87.13043,,2416000000.0
1246,Palestine,2017,78.18182,7.29,2154000000.0
1247,Palestine,2018,77.66854000000001,6.31,2292000000.0
1248,Palestine,2019,86.49068,6.09,2297000000.0
1249,Panama,2005,29.42407,,5951000000.0
1250,Panama,2010,39.22234,,6359000000.0
1251,Panama,2015,40.5439,4.69,-3006000000.0
1252,Panama,2016,38.679390000000005,,-1819000000.0
1253,Panama,2017,43.36935,4.95,2354000000.0
1254,Panama,2018,40.031079999999996,4.63,2078000000.0
1255,Panama,2019,49.23341,3.86,1807000000.0
1256,Papua New Guinea,2005,66.69167,,498000000.0
1257,Papua New Guinea,2010,57.61317,,5366000000.0
1258,Papua New Guinea,2015,74.92241,,-2320000000.0
1259,Papua New Guinea,2016,73.36652,,422000000.0
1260,Papua New Guinea,2017,73.53993,,400000000.0
1261,Papua New Guinea,2018,74.19547,,678000000.0
1262,Papua New Guinea,2019,81.20347,,528000000.0
1263,Paraguay,2005,63.57196,,98000000.0
1264,Paraguay,2010,68.55011,,333000000.0
1265,Paraguay,2015,76.29052,7.07,360000000.0
1266,Paraguay,2016,72.20544,,499000000.0
1267,Paraguay,2017,70.73384,5.36,594000000.0
1268,Paraguay,2018,75.57549,6.96,289000000.0
1269,Paraguay,2019,67.23793,6.63,215000000.0
1270,Peru,2005,61.04595,,2523000000.0
1271,Peru,2010,62.8136,,1875000000.0
1272,Peru,2015,77.17014,6.03,4360000000.0
1273,Peru,2016,73.27539,,3488000000.0
1274,Peru,2017,75.35781,4.63,414000000.0
1275,Peru,2018,75.76139,4.85,266000000.0
1276,Peru,2019,71.87214,4.79,610000000.0
1277,Philippines,2005,46.22979,,3138000000.0
1278,Philippines,2010,52.45275,,2326000000.0
1279,Philippines,2015,61.287459999999996,6.25,3571000000.0
1280,Philippines,2016,56.31972,,3225000000.0
1281,Philippines,2017,61.17219,5.46,4379000000.0
1282,Philippines,2018,62.13985,5.07,4552000000.0
1283,Philippines,2019,61.65776999999999,4.95,32887000000.0
1284,Pitcairn,2005,64.0,,
1285,Pitcairn,2010,39.80583,,
1286,Pitcairn,2015,68.05556,,
1287,Pitcairn,2016,45.91837,,
1288,Pitcairn,2017,48.03922,,
1289,Pitcairn,2018,50.49505,,
1290,Pitcairn,2019,40.36145,,
1291,Poland,2005,38.066959999999995,,
1292,Poland,2010,48.66256,,
1293,Poland,2015,54.407090000000004,6.63,
1294,Poland,2017,58.70632,5.74,
1295,Poland,2018,59.13875,5.01,
1296,Poland,2019,58.32866,5.19,
1297,Portugal,2005,31.531259999999996,,
1298,Portugal,2010,39.01386,,
1299,Portugal,2015,47.49402,,
1300,Portugal,2017,52.21484,,
1301,Portugal,2018,53.38378,,
1302,Portugal,2019,52.7671,,
1303,Puerto Rico,2016,0.0,,
1304,Puerto Rico,2017,5.12821,,
1305,Puerto Rico,2018,5.12821,,
1306,Puerto Rico,2019,28.28685,,
1307,Qatar,2005,66.34383000000001,,
1308,Qatar,2010,59.2034,,
1309,Qatar,2015,52.6885,,
1310,Qatar,2016,61.4923,,
1311,Qatar,2017,51.14112,,
1312,Qatar,2018,51.959179999999996,,
1313,Qatar,2019,56.72976,,
1314,Romania,2005,50.47785,,
1315,Romania,2010,50.44096,,
1316,Romania,2015,59.10828000000001,6.06,
1317,Romania,2017,62.57245,5.08,
1318,Romania,2018,63.18756,4.78,
1319,Romania,2019,62.487030000000004,4.79,
1320,Russia,2005,67.67904,,
1321,Russia,2010,68.28589000000001,,
1322,Russia,2015,60.20584,,
1323,Russia,2016,67.95758000000001,,
1324,Russia,2017,61.643809999999995,,
1325,Russia,2018,62.16591,,
1326,Russia,2019,61.97586999999999,,
1327,Rwanda,2005,41.04235,,561000000.0
1328,Rwanda,2010,63.00505,,1051000000.0
1329,Rwanda,2015,91.12425999999999,13.84,1122000000.0
1330,Rwanda,2016,86.21399,,1086000000.0
1331,Rwanda,2017,86.06174,11.54,1215000000.0
1332,Rwanda,2018,87.1334,12.95,1218000000.0
1333,Rwanda,2019,85.08556999999999,11.38,1310000000.0
1334,Saint Helena,2005,42.6506,,23000000.0
1335,Saint Helena,2010,33.639140000000005,,62000000.0
1336,Saint Helena,2015,66.35945,,95000000.0
1337,Saint Helena,2016,49.29078,,106000000.0
1338,Saint Helena,2017,58.950619999999994,,66000000.0
1339,Saint Helena,2018,59.5679,,67000000.0
1340,Saint Helena,2019,62.3494,,50000000.0
1341,Saint Kitts and Nevis,2005,60.21898,,-18000000.0
1342,Saint Kitts and Nevis,2010,67.52577,,7000000.0
1343,Saint Kitts and Nevis,2015,82.32119,,
1344,Saint Kitts and Nevis,2016,80.65099000000001,,
1345,Saint Kitts and Nevis,2017,75.22124000000001,,
1346,Saint Kitts and Nevis,2018,76.32509,,
1347,Saint Kitts and Nevis,2019,71.85741,,
1348,Saint Lucia,2005,84.86547,,34000000.0
1349,Saint Lucia,2010,91.48376,,-16000000.0
1350,Saint Lucia,2015,82.46546,,58000000.0
1351,Saint Lucia,2016,93.33333,,11000000.0
1352,Saint Lucia,2017,88.228,,10000000.0
1353,Saint Lucia,2018,89.50695,,19000000.0
1354,Saint Lucia,2019,93.28622,,52000000.0
1355,Saint Pierre and Miquelon,2005,68.14159000000001,,
1356,Saint Pierre and Miquelon,2010,75.55556,,
1357,Saint Pierre and Miquelon,2015,80.51948,,
1358,Saint Pierre and Miquelon,2016,38.77551,,
1359,Saint Pierre and Miquelon,2017,74.28571,,
1360,Saint Pierre and Miquelon,2018,74.28571,,
1361,Saint Pierre and Miquelon,2019,71.25,,
1362,Saint Vincent and the Grenadines,2005,89.9654,,-9000000.0
1363,Saint Vincent and the Grenadines,2010,64.02062,,58000000.0
1364,Saint Vincent and the Grenadines,2015,78.94736999999999,,8000000.0
1365,Saint Vincent and the Grenadines,2016,52.040820000000004,,3000000.0
1366,Saint Vincent and the Grenadines,2017,49.65675,,2000000.0
1367,Saint Vincent and the Grenadines,2018,50.87988,,34000000.0
1368,Saint Vincent and the Grenadines,2019,47.966429999999995,,82000000.0
1369,Samoa,2005,57.71605,,73000000.0
1370,Samoa,2010,43.09623,,145000000.0
1371,Samoa,2015,76.76768,8.48,95000000.0
1372,Samoa,2016,78.14726999999999,,103000000.0
1373,Samoa,2017,75.30435,10.48,143000000.0
1374,Samoa,2018,75.64766999999999,9.03,182000000.0
1375,Samoa,2019,73.95105,9.19,121000000.0
1376,San Marino,2016,22.480620000000002,,
1377,San Marino,2017,21.47887,,
1378,San Marino,2018,21.47887,,
1379,San Marino,2019,11.16071,,
1380,Sao Tome and Principe,2005,39.34426,,32000000.0
1381,Sao Tome and Principe,2010,40.58355,,46000000.0
1382,Sao Tome and Principe,2015,69.63563,,23000000.0
1383,Sao Tome and Principe,2016,48.07692,,21000000.0
1384,Sao Tome and Principe,2017,69.90290999999999,,59000000.0
1385,Sao Tome and Principe,2018,72.72726999999999,,68000000.0
1386,Sao Tome and Principe,2019,66.17336,,50000000.0
1387,Saudi Arabia,2005,64.12066999999999,,1968000000.0
1388,Saudi Arabia,2010,59.181430000000006,,
1389,Saudi Arabia,2015,63.41723,,
1390,Saudi Arabia,2016,68.33451,,
1391,Saudi Arabia,2017,63.17245,,
1392,Saudi Arabia,2018,63.794309999999996,,
1393,Saudi Arabia,2019,59.51818000000001,,
1394,Senegal,2005,41.67818,,700000000.0
1395,Senegal,2010,40.37193,,926000000.0
1396,Senegal,2015,62.13633000000001,5.58,1088000000.0
1397,Senegal,2016,53.185990000000004,,728000000.0
1398,Senegal,2017,72.12601,5.09,1211000000.0
1399,Senegal,2018,75.7741,5.18,2264000000.0
1400,Senegal,2019,78.98219,5.38,1999000000.0
1401,Serbia,2005,21.37681,,2458000000.0
1402,Serbia,2010,81.43663000000001,,1938000000.0
1403,Serbia,2015,78.94058000000001,9.22,-2609000000.0
1404,Serbia,2016,75.42369000000001,,1410000000.0
1405,Serbia,2017,77.89299,9.19,2818000000.0
1406,Serbia,2018,78.27605,8.31,1176000000.0
1407,Serbia,2019,74.78928,7.33,1983000000.0
1408,Seychelles,2005,56.40719,,24000000.0
1409,Seychelles,2010,58.357490000000006,,210000000.0
1410,Seychelles,2015,60.496790000000004,,-109000000.0
1411,Seychelles,2016,47.91252,,45000000.0
1412,Seychelles,2017,58.832930000000005,,142000000.0
1413,Seychelles,2018,64.27962,,
1414,Seychelles,2019,59.377430000000004,,
1415,Sierra Leone,2005,53.70867,,339000000.0
1416,Sierra Leone,2010,62.62554,,445000000.0
1417,Sierra Leone,2015,70.07958,5.25,870000000.0
1418,Sierra Leone,2016,68.37428,,799000000.0
1419,Sierra Leone,2017,76.07536,8.31,731000000.0
1420,Sierra Leone,2018,77.04505,10.35,521000000.0
1421,Sierra Leone,2019,76.45768000000001,11.26,730000000.0
1422,Singapore,2005,37.40033,,
1423,Singapore,2010,50.152429999999995,,
1424,Singapore,2015,60.17366,,
1425,Singapore,2016,62.06276999999999,,
1426,Singapore,2017,66.39672,,
1427,Singapore,2018,67.27161,,
1428,Singapore,2019,68.52493,,
1429,Sint Maarten (Dutch part),2005,23.24493,,
1430,Sint Maarten (Dutch part),2010,21.762729999999998,,
1431,Sint Maarten (Dutch part),2015,22.84177,,
1432,Sint Maarten (Dutch part),2016,21.47505,,
1433,Sint Maarten (Dutch part),2017,5.55556,,
1434,Sint Maarten (Dutch part),2018,5.55556,,
1435,Sint Maarten (Dutch part),2019,0.0,,
1436,Slovakia,2005,41.49804,,
1437,Slovakia,2010,57.5741,,
1438,Slovakia,2015,63.66565,,
1439,Slovakia,2017,66.84047,,
1440,Slovakia,2018,67.17699,,
1441,Slovakia,2019,65.91904,,
1442,Slovenia,2005,46.65598,,
1443,Slovenia,2010,59.176930000000006,,
1444,Slovenia,2015,68.66214000000001,,
1445,Slovenia,2017,72.09565,,
1446,Slovenia,2018,72.40756,,
1447,Slovenia,2019,70.29386,,
1448,Small Island Developing States (SIDS),2005,43.97332,,
1449,Small Island Developing States (SIDS),2010,50.917809999999996,,
1450,Small Island Developing States (SIDS),2015,59.424490000000006,,
1451,Small Island Developing States (SIDS),2016,60.269569999999995,,
1452,Small Island Developing States (SIDS),2017,65.29845999999999,,
1453,Small Island Developing States (SIDS),2018,66.36288,,
1454,Small Island Developing States (SIDS),2019,67.16466,,
1455,Solomon Islands,2005,66.43599,,169000000.0
1456,Solomon Islands,2010,65.19608000000001,,395000000.0
1457,Solomon Islands,2015,66.93767,,202000000.0
1458,Solomon Islands,2016,61.73913,,194000000.0
1459,Solomon Islands,2017,67.62115,,179000000.0
1460,Solomon Islands,2018,71.46172,,206000000.0
1461,Solomon Islands,2019,81.63772,,300000000.0
1462,Somalia,2005,36.0424,,240000000.0
1463,Somalia,2010,31.56966,,490000000.0
1464,Somalia,2015,56.32754,6.51,1268000000.0
1465,Somalia,2016,43.25658,,1179000000.0
1466,Somalia,2017,56.56743,8.42,1762000000.0
1467,Somalia,2018,56.869569999999996,7.32,1581000000.0
1468,Somalia,2019,55.802859999999995,8.09,1719000000.0
1469,South Africa,2005,45.74235,,14784000000.0
1470,South Africa,2010,51.53818,,4885000000.0
1471,South Africa,2015,59.020759999999996,8.98,6330000000.0
1472,South Africa,2016,61.569959999999995,,4703000000.0
1473,South Africa,2017,60.759519999999995,8.07,4599000000.0
1474,South Africa,2018,61.39849,8.1,4121000000.0
1475,South Africa,2019,60.98848,7.54,5239000000.0
1476,South America,2005,55.541540000000005,,
1477,South America,2010,59.48956,,
1478,South America,2015,67.00151,,
1479,South America,2016,64.92509,,
1480,South America,2017,64.87934,,
1481,South America,2018,67.20053,,
1482,South America,2019,63.67371,,
1483,South Georgia and the South Sandwich Islands,2016,10.0,,
1484,South Georgia and the South Sandwich Islands,2017,20.0,,
1485,South Georgia and the South Sandwich Islands,2018,0.0,,
1486,South Georgia and the South Sandwich Islands,2019,27.27273,,
1487,South Korea,2005,28.8659,,
1488,South Korea,2010,33.81901,,
1489,South Korea,2015,43.805209999999995,,
1490,South Korea,2016,43.57564,,
1491,South Korea,2017,49.923840000000006,,
1492,South Korea,2018,51.03072,,
1493,South Korea,2019,53.17981999999999,,
1494,South Sudan,2016,25.0,,1584000000.0
1495,South Sudan,2017,39.78495,9.66,2176000000.0
1496,South Sudan,2018,39.78495,9.45,1570000000.0
1497,South Sudan,2019,42.66667,9.16,1685000000.0
1498,South-eastern Asia,2005,37.96605,,
1499,South-eastern Asia,2010,45.365809999999996,,
1500,South-eastern Asia,2015,54.112930000000006,,
1501,South-eastern Asia,2016,52.590140000000005,,
1502,South-eastern Asia,2017,57.289069999999995,,
1503,South-eastern Asia,2018,58.174459999999996,,
1504,South-eastern Asia,2019,58.44967,,
1505,Southern Africa,2005,45.20991,,
1506,Southern Africa,2010,49.43465,,
1507,Southern Africa,2015,61.68849,,
1508,Southern Africa,2016,62.8741,,
1509,Southern Africa,2017,62.08321,,
1510,Southern Africa,2018,63.08266,,
1511,Southern Africa,2019,62.456590000000006,,
1512,Southern Asia,2005,30.068579999999997,,
1513,Southern Asia,2010,33.315940000000005,,
1514,Southern Asia,2015,35.24281,,
1515,Southern Asia,2016,34.89987,,
1516,Southern Asia,2017,37.19647,,
1517,Southern Asia,2018,38.438320000000004,,
1518,Southern Asia,2019,38.70462,,
1519,Southern Europe,2005,39.811890000000005,,
1520,Southern Europe,2010,46.40088,,
1521,Southern Europe,2015,53.529830000000004,,
1522,Southern Europe,2016,65.77524,,
1523,Southern Europe,2017,57.95475,,
1524,Southern Europe,2018,58.66365,,
1525,Southern Europe,2019,58.26866,,
1526,Spain,2005,34.8013,,
1527,Spain,2010,40.2946,,
1528,Spain,2015,48.24645,,
1529,Spain,2017,53.23919,,
1530,Spain,2018,54.1741,,
1531,Spain,2019,54.05375,,
1532,Sri Lanka,2005,34.14416,,1115000000.0
1533,Sri Lanka,2010,33.08859,,966000000.0
1534,Sri Lanka,2015,30.011640000000003,5.57,1153000000.0
1535,Sri Lanka,2016,33.66337,,1168000000.0
1536,Sri Lanka,2017,38.945240000000005,5.25,842000000.0
1537,Sri Lanka,2018,43.15248,4.49,721000000.0
1538,Sri Lanka,2019,41.330909999999996,4.44,581000000.0
1539,Sub-Saharan Africa,2005,47.91468,,
1540,Sub-Saharan Africa,2010,52.72155,,
1541,Sub-Saharan Africa,2015,65.1361,9.78,
1542,Sub-Saharan Africa,2016,64.00497,,
1543,Sub-Saharan Africa,2017,66.70773,9.19,
1544,Sub-Saharan Africa,2018,67.88564000000001,8.96,
1545,Sub-Saharan Africa,2019,67.0306,9.02,
1546,Sudan,2005,59.49074,,1850000000.0
1547,Sudan,2010,65.0311,,2140000000.0
1548,Sudan,2015,73.72765,,949000000.0
1549,Sudan,2016,70.85236,,1283000000.0
1550,Sudan,2017,71.22301999999999,4.9,882000000.0
1551,Sudan,2018,71.70264,7.08,968000000.0
1552,Sudan,2019,81.28872,8.57,1505000000.0
1553,Suriname,2005,64.20022,,18000000.0
1554,Suriname,2010,77.589,,131000000.0
1555,Suriname,2015,78.86435,6.5,66000000.0
1556,Suriname,2016,63.79453,,-12000000.0
1557,Suriname,2017,76.46104,5.56,38000000.0
1558,Suriname,2018,77.22771999999999,8.61,68000000.0
1559,Suriname,2019,74.09163000000001,6.48,252000000.0
1560,Svalbard and Jan Mayen,2016,0.0,,
1561,Sweden,2005,42.19229,,
1562,Sweden,2010,49.08249,,
1563,Sweden,2015,55.7979,,
1564,Sweden,2017,59.937290000000004,,
1565,Sweden,2018,60.7316,,
1566,Sweden,2019,60.350280000000005,,
1567,Switzerland,2005,39.100190000000005,,
1568,Switzerland,2010,42.66227,,
1569,Switzerland,2015,55.48621,,
1570,Switzerland,2016,55.306580000000004,,
1571,Switzerland,2017,58.07923,,
1572,Switzerland,2018,59.858090000000004,,
1573,Switzerland,2019,59.25031,,
1574,Syria,2005,63.082440000000005,,102000000.0
1575,Syria,2010,70.05524,,353000000.0
1576,Syria,2015,81.06759,,4872000000.0
1577,Syria,2016,82.03556999999999,,8864000000.0
1578,Syria,2017,80.53523,4.61,10467000000.0
1579,Syria,2018,80.82800999999999,6.39,9996000000.0
1580,Syria,2019,80.16434,3.57,10111000000.0
1581,Tajikistan,2005,53.1219,,248000000.0
1582,Tajikistan,2010,55.07099,,413000000.0
1583,Tajikistan,2015,52.36123,1.5,492000000.0
1584,Tajikistan,2016,48.78277,,371000000.0
1585,Tajikistan,2017,45.411390000000004,4.62,302000000.0
1586,Tajikistan,2018,45.78696,4.35,494000000.0
1587,Tajikistan,2019,52.40793,4.84,418000000.0
1588,Tanzania,2005,40.99765,,1669000000.0
1589,Tanzania,2010,65.32703000000001,,3031000000.0
1590,Tanzania,2015,83.38207,9.62,2778000000.0
1591,Tanzania,2016,80.5656,,2881000000.0
1592,Tanzania,2017,84.92827,10.6,3154000000.0
1593,Tanzania,2018,85.02377,11.09,2443000000.0
1594,Tanzania,2019,81.72386,10.99,1945000000.0
1595,Thailand,2005,32.19399,,12409000000.0
1596,Thailand,2010,39.06142,,6302000000.0
1597,Thailand,2015,48.92175,7.64,-2139000000.0
1598,Thailand,2016,47.23808,,2951000000.0
1599,Thailand,2017,53.33393,9.17,696000000.0
1600,Thailand,2018,54.44641,8.29,5614000000.0
1601,Thailand,2019,54.20554,7.88,7843000000.0
1602,Timor,2005,43.96135,,186000000.0
1603,Timor,2010,41.836729999999996,,292000000.0
1604,Timor,2015,57.03422,,238000000.0
1605,Timor,2016,55.37849,,207000000.0
1606,Timor,2017,68.60840999999999,,259000000.0
1607,Timor,2018,72.03947,,238000000.0
1608,Timor,2019,71.42857,,273000000.0
1609,Togo,2005,31.190479999999997,,92000000.0
1610,Togo,2010,30.53977,,284000000.0
1611,Togo,2015,69.72959,8.6,543000000.0
1612,Togo,2016,76.67896999999999,,152000000.0
1613,Togo,2017,85.16655,7.0,383000000.0
1614,Togo,2018,86.19511999999999,8.04,429000000.0
1615,Togo,2019,84.53608,6.01,333000000.0
1616,Tokelau,2005,40.0,,16000000.0
1617,Tokelau,2010,36.79245,,32000000.0
1618,Tokelau,2015,36.58147,,7000000.0
1619,Tokelau,2016,27.697840000000003,,14000000.0
1620,Tokelau,2017,26.28755,,7000000.0
1621,Tokelau,2018,27.3913,,27000000.0
1622,Tokelau,2019,30.9,,19000000.0
1623,Tonga,2005,65.27778,,35000000.0
1624,Tonga,2010,64.11765,,57000000.0
1625,Tonga,2015,69.71154,8.34,70000000.0
1626,Tonga,2016,63.67925,,85000000.0
1627,Tonga,2017,68.10036,9.54,88000000.0
1628,Tonga,2018,69.53405,9.44,100000000.0
1629,Tonga,2019,72.92994,9.37,114000000.0
1630,Trinidad and Tobago,2005,87.80304,,637000000.0
1631,Trinidad and Tobago,2010,90.00887,,704000000.0
1632,Trinidad and Tobago,2015,83.84946,,
1633,Trinidad and Tobago,2016,91.1598,,
1634,Trinidad and Tobago,2017,86.52013000000001,,
1635,Trinidad and Tobago,2018,87.44323,,
1636,Trinidad and Tobago,2019,90.70916,,
1637,Tunisia,2005,63.228269999999995,,518000000.0
1638,Tunisia,2010,54.19025,,695000000.0
1639,Tunisia,2015,55.47495,6.09,1474000000.0
1640,Tunisia,2016,46.07865,,1003000000.0
1641,Tunisia,2017,52.71893000000001,8.48,2494000000.0
1642,Tunisia,2018,53.624280000000006,8.56,1861000000.0
1643,Tunisia,2019,52.14932,9.31,1635000000.0
1644,Turkey,2005,32.42738,,11689000000.0
1645,Turkey,2010,36.83075,,13085000000.0
1646,Turkey,2015,41.39181,6.95,13791000000.0
1647,Turkey,2016,42.012,,15339000000.0
1648,Turkey,2017,43.836490000000005,6.84,12267000000.0
1649,Turkey,2018,44.60634,7.08,7773000000.0
1650,Turkey,2019,42.80487,6.62,12000000.0
1651,Turkmenistan,2005,53.84615,,-44000000.0
1652,Turkmenistan,2010,54.7419,,645000000.0
1653,Turkmenistan,2015,50.572520000000004,,2369000000.0
1654,Turkmenistan,2016,43.5123,,1244000000.0
1655,Turkmenistan,2017,55.61545,,667000000.0
1656,Turkmenistan,2018,56.16562,,122000000.0
1657,Turkmenistan,2019,65.41667,,-1016000000.0
1658,Turks and Caicos Islands,2005,45.89744,,136000000.0
1659,Turks and Caicos Islands,2010,24.57143,,
1660,Turks and Caicos Islands,2015,56.32754,,
1661,Turks and Caicos Islands,2016,38.4058,,
1662,Turks and Caicos Islands,2017,41.531659999999995,,
1663,Turks and Caicos Islands,2018,42.15976,,
1664,Turks and Caicos Islands,2019,32.46575,,
1665,Tuvalu,2005,72.27723,,8000000.0
1666,Tuvalu,2010,68.0,,14000000.0
1667,Tuvalu,2015,80.0,,50000000.0
1668,Tuvalu,2016,60.5042,,25000000.0
1669,Tuvalu,2017,74.49664,,29000000.0
1670,Tuvalu,2018,76.35135,,28000000.0
1671,Tuvalu,2019,77.41935,,37000000.0
1672,Uganda,2005,35.48496,,1258000000.0
1673,Uganda,2010,71.82943,,1858000000.0
1674,Uganda,2015,59.602540000000005,12.78,2993000000.0
1675,Uganda,2016,79.89690999999999,,2158000000.0
1676,Uganda,2017,85.69728,10.63,2137000000.0
1677,Uganda,2018,86.41877,8.95,2704000000.0
1678,Uganda,2019,84.09522,10.95,2375000000.0
1679,Ukraine,2005,62.72286,,10517000000.0
1680,Ukraine,2010,64.60428,,415000000.0
1681,Ukraine,2015,70.22991999999999,4.73,2528000000.0
1682,Ukraine,2016,66.01356,,855000000.0
1683,Ukraine,2017,67.67537,6.79,2579000000.0
1684,Ukraine,2018,68.39986999999999,6.44,2580000000.0
1685,Ukraine,2019,67.73307,6.45,3330000000.0
1686,United Arab Emirates,2005,33.32754,,
1687,United Arab Emirates,2010,38.50274,,
1688,United Arab Emirates,2015,38.561,,
1689,United Arab Emirates,2016,41.63166,,
1690,United Arab Emirates,2017,41.461040000000004,,
1691,United Arab Emirates,2018,43.0327,,
1692,United Arab Emirates,2019,40.90274,,
1693,United Kingdom,2005,36.69737,,
1694,United Kingdom,2010,41.57237,,
1695,United Kingdom,2015,47.51073,,
1696,United Kingdom,2017,51.65722,,
1697,United Kingdom,2018,52.817780000000006,,
1698,United Kingdom,2019,52.54821999999999,,
1699,United States,2005,32.01863,,
1700,United States,2010,37.31017,,
1701,United States,2015,39.99869,,
1702,United States,2016,41.2499,,
1703,United States,2017,42.31022,,
1704,United States,2018,42.5337,,
1705,United States,2019,42.42662,,
1706,United States Minor Outlying Islands,2005,26.5652,,
1707,United States Minor Outlying Islands,2010,29.598540000000003,,
1708,United States Minor Outlying Islands,2015,25.0,,
1709,United States Minor Outlying Islands,2016,22.87736,,
1710,United States Minor Outlying Islands,2017,24.56897,,
1711,United States Minor Outlying Islands,2018,25.7741,,
1712,United States Minor Outlying Islands,2019,24.89552,,
1713,United States Virgin Islands,2017,0.0,,
1714,United States Virgin Islands,2018,0.0,,
1715,United States Virgin Islands,2019,40.0,,
1716,Uruguay,2005,62.59039,,520000000.0
1717,Uruguay,2010,68.61771,,92000000.0
1718,Uruguay,2015,74.5488,,2301000000.0
1719,Uruguay,2016,72.98992,,1531000000.0
1720,Uruguay,2017,68.62829,,1681000000.0
1721,Uruguay,2018,70.60002,,
1722,Uruguay,2019,67.79292,,
1723,Uzbekistan,2005,69.73258,,37000000.0
1724,Uzbekistan,2010,74.3951,,253000000.0
1725,Uzbekistan,2015,79.0095,1.67,1092000000.0
1726,Uzbekistan,2016,78.66263000000001,,1823000000.0
1727,Uzbekistan,2017,77.66842,1.67,1458000000.0
1728,Uzbekistan,2018,77.8193,1.44,2880000000.0
1729,Uzbekistan,2019,75.66708,1.67,3579000000.0
1730,Vanuatu,2005,42.57813,,52000000.0
1731,Vanuatu,2010,70.99698000000001,,142000000.0
1732,Vanuatu,2015,77.14885,15.75,182000000.0
1733,Vanuatu,2016,78.83598,,131000000.0
1734,Vanuatu,2017,79.05138000000001,16.66,134000000.0
1735,Vanuatu,2018,79.91886,12.15,130000000.0
1736,Vanuatu,2019,85.03936999999999,12.11,143000000.0
1737,Venezuela,2005,64.1796,,3609000000.0
1738,Venezuela,2010,59.237080000000006,,1357000000.0
1739,Venezuela,2015,48.85678,,69000000.0
1740,Venezuela,2016,51.98622,,-2893000000.0
1741,Venezuela,2017,51.95385,,-2356000000.0
1742,Venezuela,2018,52.84091,,849000000.0
1743,Venezuela,2019,44.6677,,-291000000.0
1744,Vietnam,2005,39.31125,,2166000000.0
1745,Vietnam,2010,44.0956,,7623000000.0
1746,Vietnam,2015,52.68796999999999,7.86,8739000000.0
1747,Vietnam,2016,49.20615,,8258000000.0
1748,Vietnam,2017,56.00244,7.64,5599000000.0
1749,Vietnam,2018,56.38596999999999,7.2,7197000000.0
1750,Vietnam,2019,56.77093000000001,7.22,8056000000.0
1751,Wallis and Futuna,2005,50.96154,,69000000.0
1752,Wallis and Futuna,2010,62.06896999999999,,122000000.0
1753,Wallis and Futuna,2015,58.73016,,131000000.0
1754,Wallis and Futuna,2016,52.94118,,99000000.0
1755,Wallis and Futuna,2017,59.52381,,91000000.0
1756,Wallis and Futuna,2018,59.52381,,52000000.0
1757,Wallis and Futuna,2019,69.01408,,100000000.0
1758,Western Africa,2005,40.690059999999995,,
1759,Western Africa,2010,39.85523,,
1760,Western Africa,2015,67.02332,,
1761,Western Africa,2016,63.93594,,
1762,Western Africa,2017,71.4894,,
1763,Western Africa,2018,73.61083,,
1764,Western Africa,2019,72.7111,,
1765,Western Asia,2005,44.93574,,
1766,Western Asia,2010,47.36673,,
1767,Western Asia,2015,49.30872,,
1768,Western Asia,2016,49.459959999999995,,
1769,Western Asia,2017,50.85058,,
1770,Western Asia,2018,52.04605,,
1771,Western Asia,2019,50.32843,,
1772,Western Europe,2005,38.09151,,
1773,Western Europe,2010,43.21548,,
1774,Western Europe,2015,50.153009999999995,,
1775,Western Europe,2016,55.301140000000004,,
1776,Western Europe,2017,54.55251,,
1777,Western Europe,2018,55.30112,,
1778,Western Europe,2019,54.91721,,
1779,Western Sahara,2005,7.142860000000001,,
1780,Western Sahara,2010,4.61538,,
1781,Western Sahara,2015,21.9697,,
1782,Western Sahara,2016,28.301890000000004,,
1783,Western Sahara,2017,43.24324,,
1784,Western Sahara,2018,43.24324,,
1785,Western Sahara,2019,27.906979999999997,,
1786,World,2005,39.83011,,
1787,World,2010,44.546929999999996,,
1788,World,2015,50.443329999999996,7.52,
1789,World,2016,48.37856,,
1790,World,2017,53.449619999999996,7.21,
1791,World,2018,54.35783000000001,6.94,
1792,World,2019,54.28026,6.84,
1793,Yemen,2005,66.41895,,283000000.0
1794,Yemen,2010,56.34921,,-439000000.0
1795,Yemen,2015,78.99475,3.68,1551000000.0
1796,Yemen,2016,79.67128000000001,,2036000000.0
1797,Yemen,2017,89.16667,5.39,3186000000.0
1798,Yemen,2018,89.17487,5.62,8004000000.0
1799,Yemen,2019,92.07316999999999,4.84,4043000000.0
1800,Zambia,2005,69.85999,,1560000000.0
1801,Zambia,2010,62.911880000000004,,790000000.0
1802,Zambia,2015,93.14019,15.74,1294000000.0
1803,Zambia,2016,89.7491,,1381000000.0
1804,Zambia,2017,91.4149,15.17,1232000000.0
1805,Zambia,2018,92.19688000000001,14.68,1101000000.0
1806,Zambia,2019,89.85635,12.97,959000000.0
1807,Zimbabwe,2005,74.5001,,399000000.0
1808,Zimbabwe,2010,77.42896,,743000000.0
1809,Zimbabwe,2015,84.1467,11.89,830000000.0
1810,Zimbabwe,2016,83.02333,,503000000.0
1811,Zimbabwe,2017,81.39463,11.23,673000000.0
1812,Zimbabwe,2018,81.702,10.57,746000000.0
1813,Zimbabwe,2019,81.38466,10.62,782000000.0
